ID,LABEL,Lat,Lng
东站(环城南路),东站(环城南路),25.030291,102.73355
市博物馆,市博物馆,25.03326,102.728754
拓东路中段,拓东路中段,25.033655,102.723958
拓东路,拓东路,25.033546,102.718012
得胜桥(青年路),得胜桥(青年路),25.035074,102.716675
南太桥(青年路),南太桥(青年路),25.039062,102.716115
财盛巷口(人民中路),财盛巷口(人民中路),25.042279,102.714332
文庙(华山西路),文庙(华山西路),25.042995,102.707726
青云街,青云街,25.048685,102.707695
云南大学(青云街),云南大学(青云街),25.052132,102.704765
府甬道,府甬道,25.051298,102.700531
建设路,建设路,25.052177,102.696548
地台寺,地台寺,25.055201,102.694572
理工大学西门(建设路),理工大学西门(建设路),25.059948,102.692513
苏家塘,苏家塘,25.063216,102.692426
冶金学校,冶金学校,25.064128,102.688837
阳光果香小区(学府路),阳光果香小区(学府路),25.064266,102.684605
虹山新村,虹山新村,25.062865,102.681389
金鼎园,金鼎园,25.063859,102.675399
普吉路南口,普吉路南口,25.066668,102.673805
交通学校,交通学校,25.072592,102.674385
观音寺社区,观音寺社区,25.078602,102.673958
王家桥(普吉路),王家桥(普吉路),25.084232,102.671562
普吉路中段,普吉路中段,25.088733,102.671454
公交西部修理公司(河北路),公交西部修理公司(河北路),25.095114,102.669502
西北部公交枢纽站,西北部公交枢纽站,25.094563,102.664993
黄土坡,黄土坡,25.064167,102.67056
普吉路口(滇缅大道),普吉路口(滇缅大道),25.061892,102.673802
麻园(滇缅大道),麻园(滇缅大道),25.057539,102.677977
虹山南路口(滇缅大道),虹山南路口(滇缅大道),25.053381,102.684844
西站,西站,25.052543,102.688398
百汇商场,百汇商场,25.047552,102.697565
富春街口(人民中路),富春街口(人民中路),25.043524,102.701697
胜利广场,胜利广场,25.042839,102.706645
交三桥(人民东路),交三桥(人民东路),25.042381,102.717499
交三桥(北京路),交三桥(北京路),25.041428,102.719514
东风广场(北京路),东风广场(北京路),25.037057,102.719731
塘子巷(北京路),塘子巷(北京路),25.031341,102.720091
和平村(北京路),和平村(北京路),25.028598,102.720373
环城南路口(北京路),环城南路口(北京路),25.023108,102.720924
昆明站(永平路),昆明站(永平路),25.018668,102.723194
颐园小区(白云路),颐园小区(白云路),25.064663,102.72802
白云路口(北京路),白云路口(北京路),25.065113,102.723412
凤凰新村,凤凰新村,25.0602,102.721733
火车北站(北京路),火车北站(北京路),25.05357,102.719376
穿心鼓楼(北京路),穿心鼓楼(北京路),25.048134,102.719379
凤凰村,凤凰村,25.045643,102.719383
金马坊,金马坊,25.033444,102.713942
靖国路口,靖国路口,25.033134,102.704727
弥勒寺(西昌路),弥勒寺(西昌路),25.031228,102.700898
工人新村(西昌路),工人新村(西昌路),25.027865,102.704414
西岳庙(海埂路),西岳庙(海埂路),25.02194,102.708338
豆腐营(海埂路),豆腐营(海埂路),25.016771,102.708504
洒金巷口(海埂路),洒金巷口(海埂路),25.008858,102.708679
绿荫大道路口,绿荫大道路口,25.004171,102.70944
日新路口(润城第二大道),日新路口(润城第二大道),24.999236,102.70872
前卫营(前兴路),前卫营(前兴路),24.992973,102.707268
前兴路公交枢纽站,前兴路公交枢纽站,24.987856,102.705467
小菜园立交桥,小菜园立交桥,25.059862,102.709518
鼓楼路,鼓楼路,25.055264,102.71125
圆通山,圆通山,25.052126,102.714844
青年路,青年路,25.045984,102.715118
工人新村(安康路),工人新村(安康路),25.028246,102.700523
安康路,安康路,25.028143,102.69735
刘家营(安康路),刘家营(安康路),25.028055,102.693573
安康路口,安康路口,25.027182,102.689705
东陆桥(西园路),东陆桥(西园路),25.029553,102.684245
昆五中,昆五中,25.031536,102.68043
大观楼车场,大观楼车场,25.027496,102.675933
茭菱路口(环城西路),茭菱路口(环城西路),25.048351,102.689115
潘家湾(人民西路),潘家湾(人民西路),25.044067,102.691376
小西门(人民西路),小西门(人民西路),25.043707,102.696063
小西门(东风西路),小西门(东风西路),25.041606,102.700438
艺术剧院,艺术剧院,25.03829,102.703915
南太桥(东风东路),南太桥(东风东路),25.03803,102.71803
尚义巷口(东风东路),尚义巷口(东风东路),25.038147,102.723685
拓东体育馆(东风东路),拓东体育馆(东风东路),25.038255,102.731128
东站(环城东路),东站(环城东路),25.03323,102.734398
民航路,民航路,25.026535,102.734299
吴井路口(民航路),吴井路口(民航路),25.023506,102.73642
五里多村,五里多村,25.020069,102.738655
关兴路口(民航路),关兴路口(民航路),25.015409,102.742043
官渡广场(民航路),官渡广场(民航路),25.011953,102.744377
关上(民航路),关上(民航路),25.008963,102.746437
关景路,关景路,25.006062,102.750061
巫家坝车场,巫家坝车场,25.006098,102.754456
高i,高i,24.98477,102.618099
碧鸡关,碧鸡关,24.988707,102.615447
车家壁地铁站,车家壁地铁站,24.993633,102.615625
车家壁(春雨路),车家壁(春雨路),24.997556,102.617782
春雨路南段,春雨路南段,24.998967,102.618685
干沟路口,干沟路口,25.005022,102.621354
普坪村,普坪村,25.011176,102.624076
白沙路口,白沙路口,25.015964,102.628082
石咀村,石咀村,25.018802,102.629965
马街村(春雨路),马街村(春雨路),25.024612,102.633888
大渔路地铁站(春雨路),大渔路地铁站(春雨路),25.028681,102.63628
马街(春雨路),马街(春雨路),25.031654,102.637487
益宁路口(春雨路),益宁路口(春雨路),25.03599,102.63931
上村路口(春雨路),上村路口(春雨路),25.038312,102.640239
七公里(春雨路),七公里(春雨路),25.044094,102.643776
眠山车场,眠山车场,25.046952,102.647797
潘家湾(西昌路),潘家湾(西昌路),25.047713,102.694362
环城西路口(茭菱路),环城西路口(茭菱路),25.049709,102.687161
茭菱路,茭菱路,25.049995,102.683975
西园路口(茭菱路),西园路口(茭菱路),25.048811,102.677917
丰宁小区,丰宁小区,25.049114,102.674095
西苑立交桥北口,西苑立交桥北口,25.049492,102.670872
省社科联(二环西路),省社科联(二环西路),25.054414,102.67135
科锦路口(二环西路),科锦路口(二环西路),25.060247,102.669708
黄土坡立交桥西口,黄土坡立交桥西口,25.064353,102.664618
海源中路口(滇缅大道),海源中路口(滇缅大道),25.063872,102.661016
昌源路口(滇缅大道),昌源路口(滇缅大道),25.06362,102.659019
假日城市小区(滇缅大道),假日城市小区(滇缅大道),25.063341,102.656708
黑林铺(滇缅大道),黑林铺(滇缅大道),25.061455,102.650093
滇缅大道西段,滇缅大道西段,25.059305,102.648766
小团山(滇缅大道),小团山(滇缅大道),25.055056,102.647667
昭宗路口(滇缅大道),昭宗路口(滇缅大道),25.053377,102.647232
昆明玻璃厂,昆明玻璃厂,25.055699,102.643924
昭宗彝族村,昭宗彝族村,25.054549,102.641536
昭宗彝族村口,昭宗彝族村口,25.052548,102.639536
昭宗乡村委会,昭宗乡村委会,25.050812,102.637943
昭宗路,昭宗路,25.047383,102.636324
昭宗大村,昭宗大村,25.04378,102.635347
昆药集团,昆药集团,25.041571,102.638359
昆师路,昆师路,25.046749,102.695378
黄土坡后街,黄土坡后街,25.063377,102.674301
王家桥(王家桥路),王家桥(王家桥路),25.083937,102.674408
冶炼厂,冶炼厂,25.086671,102.675812
王家桥路,王家桥路,25.090434,102.672118
公交西部修理公司(普吉路),公交西部修理公司(普吉路),25.094213,102.670967
普吉农贸市场,普吉农贸市场,25.096243,102.670029
普吉,普吉,25.102032,102.669792
大普吉村(同心路),大普吉村(同心路),25.105317,102.66704
普吉小学,普吉小学,25.10526,102.66418
轻机厂,轻机厂,25.107018,102.659436
火车北站(环城北路),火车北站(环城北路),25.055048,102.717726
油管桥,油管桥,25.057483,102.713906
小菜园,小菜园,25.065821,102.709145
下马村(龙泉路),下马村(龙泉路),25.069363,102.709297
上马村,上马村,25.07546,102.711777
马村立交桥,马村立交桥,25.079805,102.714661
龙泉住宅区,龙泉住宅区,25.083711,102.717348
高教巷口(龙泉路),高教巷口(龙泉路),25.087721,102.718377
岗头村,岗头村,25.095764,102.718615
昆烟二部,昆烟二部,25.098242,102.719553
沙坝营(龙泉路),沙坝营(龙泉路),25.102345,102.720711
昆明烟厂,昆明烟厂,25.110243,102.723976
小麦溪,小麦溪,25.118277,102.725707
蓝龙潭,蓝龙潭,25.126098,102.72918
沣源路口(龙泉路),沣源路口(龙泉路),25.130846,102.731029
市第二人民医院,市第二人民医院,25.133529,102.731944
茨坝新村,茨坝新村,25.135751,102.732769
白杨路口(龙泉路),白杨路口(龙泉路),25.143387,102.73555
茨坝(龙泉路),茨坝(龙泉路),25.147232,102.736893
植物园北门,植物园北门,25.145599,102.741325
蓝桉路口,蓝桉路口,25.140032,102.74543
黑龙潭,黑龙潭,25.13695,102.747414
干休所,干休所,25.134413,102.747757
农业大学,农业大学,25.127171,102.746468
小康大道路口(沣源路),小康大道路口(沣源路),25.122009,102.745407
幸福家园小区,幸福家园小区,25.11895,102.747795
北京路口(沣源路),北京路口(沣源路),25.114843,102.750816
龙头街,龙头街,25.109861,102.755009
北部公交枢纽站,北部公交枢纽站,25.109219,102.764036
南屏街西口,南屏街西口,25.036598,102.708488
师范大学,师范大学,25.054262,102.697865
一二一大街,一二一大街,25.056944,102.70385
江岸小区,江岸小区,25.068008,102.71328
盘江东路口(白云路),盘江东路口(白云路),25.068069,102.714928
万华路口(白云路),万华路口(白云路),25.067623,102.717278
志强路口(白云路),志强路口(白云路),25.066389,102.721657
北京路口(白云路),北京路口(白云路),25.065399,102.725159
王旗营(白云路),王旗营(白云路),25.063212,102.729957
小坝(穿金路),小坝(穿金路),25.061727,102.735139
小坝立交桥,小坝立交桥,25.063858,102.737328
昆十一中,昆十一中,25.066767,102.740242
北辰大道路口(穿金路),北辰大道路口(穿金路),25.071159,102.744637
波罗村,波罗村,25.073685,102.747269
省精神病医院,省精神病医院,25.076002,102.749619
煤机新村,煤机新村,25.07917,102.752792
铂金大道路口(穿金路),铂金大道路口(穿金路),25.082327,102.756058
穿金路北段,穿金路北段,25.086407,102.761871
金殿车场,金殿车场,25.087669,102.766701
关通路口(雨龙路),关通路口(雨龙路),25.013919,102.751298
雨龙路,雨龙路,25.020898,102.746432
彩云北路口(雨龙路),彩云北路口(雨龙路),25.023963,102.746341
菊华立交桥东口,菊华立交桥东口,25.024848,102.747357
三公里,三公里,25.02378,102.75013
关上(彩云北路),关上(彩云北路),25.016602,102.758705
朱家村(彩云北路),朱家村(彩云北路),25.014965,102.763624
朱家村(贵昆路),朱家村(贵昆路),25.007075,102.773368
牛街庄,牛街庄,25.005447,102.778906
昌宏路口(贵昆路),昌宏路口(贵昆路),25.003559,102.784983
八公里下穿路口,八公里下穿路口,25.00122,102.79099
八公里,八公里,24.999028,102.794366
昆船大道路口(贵昆路),昆船大道路口(贵昆路),24.996506,102.797188
普照村(贵昆路),普照村(贵昆路),24.991871,102.805138
大石坝,大石坝,24.993273,102.817146
小石坝,小石坝,25.006233,102.825562
干海子,干海子,25.009687,102.835114
双拥站,双拥站,25.012236,102.836826
招呼站,招呼站,25.01602,102.839835
阿依村,阿依村,25.040924,102.868051
电杆厂,电杆厂,25.04355,102.872378
大板桥明应寺,大板桥明应寺,25.044384,102.875351
大板桥镇,大板桥镇,25.045477,102.879783
大板桥公交车场,大板桥公交车场,25.047474,102.885343
呈贡,呈贡,24.890052,102.795838
兴呈路口,兴呈路口,24.89174,102.79424
北门街口(兴呈路),北门街口(兴呈路),24.896793,102.793243
斗南路口(兴呈路),斗南路口(兴呈路),24.903503,102.793831
斗南地铁站(彩云北路),斗南地铁站(彩云北路),24.90793,102.791806
殷家村,殷家村,24.912192,102.785048
小新村(自卫村),小新村(自卫村),24.916298,102.7801
照西村,照西村,24.92145,102.777088
螺蛳湾公交枢纽站(彩云北路),螺蛳湾公交枢纽站(彩云北路),24.928633,102.775022
螺蛳湾二期(彩云北路),螺蛳湾二期(彩云北路),24.934601,102.773372
广福立交北,广福立交北,24.947808,102.769705
子君村(彩云北路),子君村(彩云北路),24.957049,102.768372
云秀路口(彩云北路),云秀路口(彩云北路),24.960747,102.768077
六谷村(彩云北路),六谷村(彩云北路),24.966606,102.767591
大都购物中心(彩云北路),大都购物中心(彩云北路),24.972995,102.767096
织布营,织布营,24.97888,102.767006
雨龙村(彩云北路),雨龙村(彩云北路),24.984852,102.766949
名宅东辰苑(雨龙路),名宅东辰苑(雨龙路),24.99352,102.762491
土桥村(雨龙路),土桥村(雨龙路),24.996489,102.762656
和甸营村,和甸营村,25.002474,102.759609
关景路口(雨龙路),关景路口(雨龙路),25.00526,102.757439
小西门远郊车场,小西门远郊车场,25.044363,102.696643
昆阳客运站,昆阳客运站,24.652254,102.611496
湖西小区站,湖西小区站,24.885985,102.504132
凌波小区,凌波小区,24.888576,102.503793
博创,博创,24.890933,102.501563
六万,六万,24.892908,102.498346
昆明工业职业技术学院,昆明工业职业技术学院,24.895612,102.496398
昆钢商场,昆钢商场,24.897396,102.496298
园山南路,园山南路,24.901228,102.494991
百花路口(招呼站),百花路口(招呼站),24.921506,102.494167
安房集团,安房集团,24.924019,102.493633
读书铺,读书铺,24.946532,102.557656
桥钢,桥钢,24.954362,102.577457
长坡,长坡,24.961749,102.593433
高i立交桥(招呼站),高i立交桥(招呼站),24.992348,102.620764
明波建材灯具市场,明波建材灯具市场,25.029596,102.667656
鱼翅路口,鱼翅路口,25.035312,102.669826
西苑立交桥南口,西苑立交桥南口,25.043424,102.670417
潘家湾,潘家湾,25.044076,102.69128
小西门,小西门,25.044093,102.697079
温泉,温泉,24.955039,102.45178
珍泉村,珍泉村,24.950616,102.453485
羊角村,羊角村,24.944107,102.454559
杨柳庄,杨柳庄,24.938671,102.48558
金城花园,金城花园,24.924987,102.504149
大渔路口(碧鸡路),大渔路口(碧鸡路),25.021898,102.645531
苏家村,苏家村,25.024302,102.650642
西三环路口,西三环路口,25.026119,102.656433
小河埂,小河埂,25.02751,102.660988
鱼翅路口(二环西路),鱼翅路口(二环西路),25.035164,102.669815
省粮油批发市场,省粮油批发市场,25.037109,102.669952
梁家河,梁家河,25.044905,102.67967
昆阳磷肥厂,昆阳磷肥厂,24.70982,102.590423
中谊村,中谊村,24.725616,102.588905
中谊村(中谊综合农贸市场),中谊村(中谊综合农贸市场),24.728073,102.588753
兴苑路口,兴苑路口,25.040412,102.661354
西苑立交桥,西苑立交桥,25.045851,102.66707
近华浦路口,近华浦路口,25.045178,102.676003
小西门车场,小西门车场,25.044088,102.697083
大观楼(大观路),大观楼(大观路),25.028303,102.676753
九二医院,九二医院,25.03543,102.687049
环西桥(大观路),环西桥(大观路),25.037205,102.690929
篆塘(大观路),篆塘(大观路),25.039457,102.69339
篆塘,篆塘,25.041645,102.694489
潘家湾2,潘家湾2,25.047622,102.694371
一二一大街(莲花池),一二一大街(莲花池),25.05694,102.70385
圆通北路,圆通北路,25.056585,102.707413
环城北路,环城北路,25.053564,102.721527
席子营(环城东路),席子营(环城东路),25.051189,102.726059
理工大学新迎校区,理工大学新迎校区,25.048725,102.728806
白龙路,白龙路,25.048529,102.731522
新迎路口(白龙路),新迎路口(白龙路),25.052118,102.736679
石闸立交桥(白龙路),石闸立交桥(白龙路),25.053684,102.742615
佳园小区(白龙路),佳园小区(白龙路),25.05868,102.746674
人与自然小区,人与自然小区,25.062822,102.750114
白龙路口(东三环),白龙路口(东三环),25.066143,102.756294
西南林业大学东门(东三环),西南林业大学东门(东三环),25.063377,102.763885
长地埂村(东三环),长地埂村(东三环),25.057964,102.764877
呼马山(东三环),呼马山(东三环),25.053724,102.766849
东三环路口(金瓦路),东三环路口(金瓦路),25.049032,102.773377
市委党校(金瓦路),市委党校(金瓦路),25.048516,102.776901
白沙河,白沙河,25.049102,102.781753
东郊黄土坡,东郊黄土坡,25.051979,102.785768
花之城广场,花之城广场,25.052435,102.791293
青龙村(照青路),青龙村(照青路),25.049026,102.795105
青龙山,青龙山,25.04369,102.791336
东部公交枢纽站,东部公交枢纽站,25.038147,102.788872
昆明站(北京路),昆明站(北京路),25.017742,102.721611
永安路口(北京路),永安路口(北京路),25.020779,102.721252
塘子巷,塘子巷,25.034479,102.719944
金星立交桥,金星立交桥,25.07546,102.727483
北辰大道路口(北京路),北辰大道路口(北京路),25.081589,102.733139
江东花园北路口(北京路),江东花园北路口(北京路),25.085786,102.73645
金安小区,金安小区,25.090829,102.738338
霖雨桥(北京路),霖雨桥(北京路),25.094141,102.73951
金江小区,金江小区,25.098937,102.741254
羊肠村(北京路),羊肠村(北京路),25.105156,102.743553
司家营(北京路),司家营(北京路),25.108393,102.744743
昆十中(北京路),昆十中(北京路),25.111597,102.7463
沣源路口(北京路),沣源路口(北京路),25.114397,102.749158
北部汽车客运站,北部汽车客运站,25.108407,102.760916
双龙商场,双龙商场,25.024084,102.718815
双龙桥,双龙桥,25.023598,102.713164
大庄村(前兴路),大庄村(前兴路),24.987288,102.705933
商汇路口(前兴路),商汇路口(前兴路),24.982656,102.704849
前兴路口(广福路),前兴路口(广福路),24.979423,102.703494
昆明同仁医院(广福路),昆明同仁医院(广福路),24.979345,102.6977
太家河,太家河,24.984787,102.688381
广福路口(前卫西路),广福路口(前卫西路),24.987635,102.685883
太河村(前卫西路),太河村(前卫西路),24.985634,102.682343
海宏路口(前卫西路),海宏路口(前卫西路),24.982595,102.676994
滇池路口(前卫西路),滇池路口(前卫西路),24.979444,102.671445
西贡码头(滇池路),西贡码头(滇池路),24.984813,102.662726
滇池度假区管委会(滇池路),滇池度假区管委会(滇池路),24.982036,102.665972
七公里(滇池路),七公里(滇池路),24.977635,102.669714
红塔东路口(滇池路),红塔东路口(滇池路),24.973659,102.671263
云南民族村,云南民族村,24.967344,102.667984
海埂公园(滇池路),海埂公园(滇池路),24.961166,102.665405
北京路口(环城南路),北京路口(环城南路),25.024208,102.721954
吴井桥(环城南路),吴井桥(环城南路),25.025664,102.727057
民航路口(环城南路),民航路口(环城南路),25.027921,102.730312
董家湾(环城东路),董家湾(环城东路),25.036393,102.734531
延安医院(环城东路),延安医院(环城东路),25.042109,102.733299
席子营社区,席子营社区,25.053839,102.727234
穿金路口(联盟路),穿金路口(联盟路),25.056379,102.728508
联盟路,联盟路,25.057995,102.725723
联盟路口(万宏路),联盟路口(万宏路),25.059124,102.725502
万宏路,万宏路,25.060652,102.726112
王旗营(万宏路),王旗营(万宏路),25.063398,102.728439
金星东门,金星东门,25.066425,102.731491
金江路,金江路,25.067738,102.729797
金星西门,金星西门,25.068621,102.726791
金夏路,金夏路,25.074617,102.72831
金实小区,金实小区,25.075352,102.732048
金菊路口(金实路),金菊路口(金实路),25.07678,102.733719
北辰小区(北辰中路),北辰小区(北辰中路),25.080021,102.736626
北辰中路,北辰中路,25.081215,102.737648
江东商业街,江东商业街,25.084648,102.739578
江东花园,江东花园,25.087536,102.738853
市第三人民医院,市第三人民医院,25.022943,102.730204
吴井路,吴井路,25.021029,102.731796
民航路口(吴井路),民航路口(吴井路),25.022354,102.735794
关上(日新路),关上(日新路),25.008451,102.748215
官渡区医院,官渡区医院,25.011358,102.751526
巫家坝车场(雨龙路),巫家坝车场(雨龙路),25.007951,102.753997
盛惠园小区,盛惠园小区,25.025925,102.780357
6号路,6号路,25.023863,102.78112
天文台(金马路),天文台(金马路),25.020798,102.784897
金马路东段,金马路东段,25.018963,102.781342
金马路中段,金马路中段,25.019022,102.769501
凉亭村,凉亭村,25.021702,102.764893
凉亭(金马路),凉亭(金马路),25.023867,102.758194
黑土凹(金马路),黑土凹(金马路),25.027344,102.751373
东骧神骏小区(东风东路),东骧神骏小区(东风东路),25.030565,102.749725
金马寺(东风东路),金马寺(东风东路),25.033083,102.748398
金马立交桥(东风东路),金马立交桥(东风东路),25.035612,102.743789
大树营地铁站,大树营地铁站,25.036949,102.741207
曙光路口(东风东路),曙光路口(东风东路),25.038438,102.737995
青龙村(金瓦路),青龙村(金瓦路),25.050039,102.795126
郭家凹,郭家凹,25.04747,102.762543
金沙路口,金沙路口,25.043338,102.757934
金瓦路口(虹桥路),金瓦路口(虹桥路),25.040495,102.751437
王大桥,王大桥,25.041649,102.748468
新迎路口(人民东路),新迎路口(人民东路),25.043911,102.73951
东华小区,东华小区,25.043938,102.734268
莲花宾馆,莲花宾馆,25.062405,102.704575
教场路口(学府路),教场路口(学府路),25.062973,102.700691
理工大学北门(学府路),理工大学北门(学府路),25.063229,102.695175
康盛电器城,康盛电器城,24.941541,102.764579
新亚洲体育城,新亚洲体育城,24.942687,102.76306
普自村,普自村,24.948789,102.756832
云秀路口(广福路),云秀路口(广福路),24.951128,102.754761
官渡古镇(广福路),官渡古镇(广福路),24.953754,102.752483
宝象河(广福路),宝象河(广福路),24.958177,102.74855
世纪城(广福路),世纪城(广福路),24.960846,102.74617
五甲河(广福路),五甲河(广福路),24.967739,102.74
昌宏路口(广福路),昌宏路口(广福路),24.970395,102.736758
中闸(广福路),中闸(广福路),24.972001,102.734158
海边沟,海边沟,24.974796,102.729095
广福路口(双凤路),广福路口(双凤路),24.978298,102.725929
双凤路口(锦城路),双凤路口(锦城路),24.98052,102.725929
陈家庄,陈家庄,24.982365,102.721252
时代风华小区(官南大道),时代风华小区(官南大道),24.98608,102.72049
小街(官南大道),小街(官南大道),24.994427,102.721832
银海森林小区(日新路),银海森林小区(日新路),25.001015,102.725563
银苑小区(日新路),银苑小区(日新路),25.001503,102.729164
双桥村,双桥村,25.006588,102.73056
昆明会展中心(春城路),昆明会展中心(春城路),25.011515,102.729034
半岛车场,半岛车场,24.933832,102.722066
环湖东路口(珥季路),环湖东路口(珥季路),24.93474,102.720122
昌宏西路口(环湖东路),昌宏西路口(环湖东路),24.935178,102.715694
滇池会展中心(环湖东路),滇池会展中心(环湖东路),24.940734,102.704453
海华街口,海华街口,24.936762,102.699245
福保村,福保村,24.934635,102.695009
福保文化城,福保文化城,24.93806,102.688733
福保路南段,福保路南段,24.941758,102.691997
环湖东路口(福保路),环湖东路口(福保路),24.947674,102.696419
新二村,新二村,24.950981,102.698611
陶李村,陶李村,24.95652,102.703011
曹家桥,曹家桥,24.958511,102.70591
六甲(福保路),六甲(福保路),24.961161,102.708992
小康路口(福保路),小康路口(福保路),24.967751,102.714836
张家庙村,张家庙村,24.972678,102.717812
广福路口(官南大道),广福路口(官南大道),24.981233,102.719497
海口(车场),海口(车场),24.782379,102.601952
新发小区,新发小区,25.035326,102.660786
海源南路口,海源南路口,25.046128,102.662908
小西门远郊车场(下客处),小西门远郊车场(下客处),25.044067,102.69735
华昌路口(环城南路),华昌路口(环城南路),25.022691,102.702886
昆明冠生园(严家地),昆明冠生园(严家地),25.019779,102.697014
金牛小区,金牛小区,25.015799,102.692261
老年活动中心,老年活动中心,25.012795,102.688941
正和小区,正和小区,25.006918,102.677274
广福路口(滇池路),广福路口(滇池路),25.002747,102.672209
渔堆村,渔堆村,25.001225,102.67028
大坝村,大坝村,24.999557,102.668095
边防路口(滇池路),边防路口(滇池路),24.995191,102.66451
河尾村,河尾村,24.990082,102.661176
印城家苑小区,印城家苑小区,25.023516,102.873984
东原启城,东原启城,25.029214,102.86911
西冲小学(新320国道),西冲小学(新320国道),25.036293,102.870703
大板桥地铁站,大板桥地铁站,25.052995,102.876111
白塔路口(人民东路),白塔路口(人民东路),25.042814,102.72393
延安医院(人民东路),延安医院(人民东路),25.043667,102.731003
人民东路口(新迎路),人民东路口(新迎路),25.044909,102.740501
新迎路,新迎路,25.048798,102.740211
世博园,世博园,25.071324,102.755004
世博花园酒店,世博花园酒店,25.075482,102.755113
金殿(穿金路口),金殿(穿金路口),25.087847,102.766907
威远街口(护国路),威远街口(护国路),25.039349,102.714897
昆明市实验中学,昆明市实验中学,25.042564,102.722046
新工人文化宫,新工人文化宫,25.04347,102.729317
席子营(新兴路),席子营(新兴路),25.051262,102.729004
新兴路中段,新兴路中段,25.053343,102.73127
新兴路,新兴路,25.057127,102.735313
穿金路口(白云路),穿金路口(白云路),25.059475,102.734497
公交东部修理公司,公交东部修理公司,25.027752,102.762405
凉亭中路,凉亭中路,25.02605,102.760525
彩云北路口(归十西路),彩云北路口(归十西路),25.025378,102.750634
菊花村,菊花村,25.027982,102.740681
春城路,春城路,25.01796,102.726984
昆明站南广场,昆明站南广场,25.013958,102.723594
官南立交桥(二环南路),官南立交桥(二环南路),25.01424,102.715547
马洒营(二环南路),马洒营(二环南路),25.013676,102.709183
福海立交桥东,福海立交桥东,25.015417,102.700134
气象路口(二环南路),气象路口(二环南路),25.021484,102.690712
西华园(二环南路),西华园(二环南路),25.025928,102.683685
大观桥,大观桥,25.030861,102.675552
小河埂(碧鸡路),小河埂(碧鸡路),25.027431,102.660416
西三环路口(碧鸡路),西三环路口(碧鸡路),25.026033,102.655846
苏家村(碧鸡路),苏家村(碧鸡路),25.023647,102.648468
小渔村(碧鸡路),小渔村(碧鸡路),25.017181,102.637215
省汽修一厂,省汽修一厂,25.013403,102.632637
省旧车报废中心,省旧车报废中心,25.008055,102.629715
干沟尾(碧鸡路),干沟尾(碧鸡路),25.000109,102.626839
车家壁,车家壁,24.992769,102.615938
巫家坝,巫家坝,24.997899,102.741662
日新小区(春城路),日新小区(春城路),24.999966,102.738556
日新村(春城路),日新村(春城路),25.001572,102.735023
和平新村,和平新村,25.02672,102.725555
棕树营,棕树营,25.042101,102.689232
环西桥(环城西路),环西桥(环城西路),25.038281,102.689492
920医院,920医院,25.034627,102.685408
阳光花园小区(阳光中路),阳光花园小区(阳光中路),25.009931,102.677279
云检培训中心,云检培训中心,25.006536,102.678898
南苑,南苑,25.001411,102.683294
杨家地(日新中路),杨家地(日新中路),24.99803,102.687454
邬小村(陆家路),邬小村(陆家路),24.99674,102.68866
广福路口(陆家路),广福路口(陆家路),24.993984,102.684349
湖畔之梦小区,湖畔之梦小区,24.992435,102.683456
广福路口(金湖路),广福路口(金湖路),24.97806,102.705009
逸雅路口(金湖路),逸雅路口(金湖路),24.969644,102.705213
苏家地(金湖路),苏家地(金湖路),24.964285,102.702011
金湖路口(海文路),金湖路口(海文路),24.963073,102.699449
平和花园小区,平和花园小区,24.961068,102.694918
环湖东路口(金湖路),环湖东路口(金湖路),24.956879,102.693733
金湖路口(环湖东路),金湖路口(环湖东路),24.954392,102.692114
范家村(环湖东路),范家村(环湖东路),24.944145,102.697478
眠山地铁站,眠山地铁站,25.046984,102.651081
昌源南路口(人民西路),昌源南路口(人民西路),25.046616,102.656883
海源南路口(人民西路),海源南路口(人民西路),25.046129,102.662933
近华浦路口(人民西路),近华浦路口(人民西路),25.045156,102.676263
西园路口,西园路口,25.044857,102.680291
赵家堆,赵家堆,25.044592,102.684002
西南林业大学(南院路),西南林业大学(南院路),25.057873,102.75219
白龙村,白龙村,25.060217,102.748955
白龙路口(白云路),白龙路口(白云路),25.054349,102.740082
白云路东段,白云路东段,25.056419,102.737951
小坝(白云路),小坝(白云路),25.061523,102.732036
小菜园立交桥西,小菜园立交桥西,25.059518,102.706819
假日城市小区(昌源中路),假日城市小区(昌源中路),25.062132,102.657616
科锦路,科锦路,25.05971,102.659233
高新区车场,高新区车场,25.059641,102.662132
家乐福,家乐福,25.038382,102.71209
威远街,威远街,25.039787,102.710487
正义路步行街,正义路步行街,25.04118,102.709854
文庙(人民中路),文庙(人民中路),25.042266,102.708069
市体育馆(环城西路),市体育馆(环城西路),25.045065,102.68918
二环西路口(科医路),二环西路口(科医路),25.055464,102.669029
洪源路口(科医路),洪源路口(科医路),25.05567,102.666054
海源中路口(科光路),海源中路口(科光路),25.05303,102.660416
昌源中路口(科光路),昌源中路口(科光路),25.053278,102.657112
团山后所,团山后所,25.057049,102.656784
澳霖公寓(海源中路),澳霖公寓(海源中路),25.062027,102.663034
黑林铺(黑林铺前街),黑林铺(黑林铺前街),25.062378,102.64865
昆富路,昆富路,25.062747,102.64674
班庄村口,班庄村口,25.063516,102.645117
班庄村,班庄村,25.065317,102.644397
西三环路口(班庄村),西三环路口(班庄村),25.067569,102.643481
海源寺车场,海源寺车场,25.072609,102.641979
官渡广场(国贸路),官渡广场(国贸路),25.012079,102.743433
双福路口(国贸路),双福路口(国贸路),25.009878,102.738698
昆明会展中心(国贸路),昆明会展中心(国贸路),25.008967,102.731901
大东新村(白塔路),大东新村(白塔路),25.044312,102.725571
穿金路中段,穿金路中段,25.05759,102.730934
小坝,小坝,25.061703,102.735123
沣源路东段,沣源路东段,25.091749,102.764462
清水河村(沣源路),清水河村(沣源路),25.095964,102.76667
清水河村北口,清水河村北口,25.101025,102.766678
昆曲岔口,昆曲岔口,25.102896,102.765526
滇池路口(环城西路),滇池路口(环城西路),25.023594,102.699219
气象路口(环城西路),气象路口(环城西路),25.025568,102.697701
西坝路口(环城西路),西坝路口(环城西路),25.029732,102.69445
新闻路口(环城西路),新闻路口(环城西路),25.034245,102.691398
丹霞路口(西园路),丹霞路口(西园路),25.036159,102.679874
白马,白马,25.036089,102.675556
华夏中专(近华浦路),华夏中专(近华浦路),25.038329,102.674293
春苑小区,春苑小区,25.042075,102.674588
人民西路口(近华浦路),人民西路口(近华浦路),25.043594,102.674727
茭菱路口(近华浦路),茭菱路口(近华浦路),25.047609,102.67503
鑫园小区,鑫园小区,25.049527,102.668963
茭菱路西口,茭菱路西口,25.049831,102.664575
海源中路南段,海源中路南段,25.054232,102.662598
海源中路,海源中路,25.057896,102.662918
金星立交桥西口(二环北路),金星立交桥西口(二环北路),25.072752,102.721758
金康园,金康园,25.069363,102.724136
金江路口(万华路),金江路口(万华路),25.069723,102.719162
巡津街,巡津街,25.027973,102.71454
白塔路口(白龙路),白塔路口(白龙路),25.046835,102.726425
新兴路口(新迎北路),新兴路口(新迎北路),25.05517,102.73455
园博路,园博路,25.068638,102.749535
霖雨桥(霖雨路),霖雨桥(霖雨路),25.094076,102.737099
耀龙康城,耀龙康城,25.098945,102.732127
北市区车场,北市区车场,25.100404,102.728945
岔街(拓东路),岔街(拓东路),25.031688,102.732995
弥勒寺(西坝路),弥勒寺(西坝路),25.032977,102.698958
永乐路口(西坝路),永乐路口(西坝路),25.031701,102.695668
西坝,西坝,25.03158,102.691693
西华北路,西华北路,25.030689,102.687874
东陆桥(西华北路),东陆桥(西华北路),25.030634,102.684776
秋苑小区(兴苑路),秋苑小区(兴苑路),25.039227,102.666793
兴苑路,兴苑路,25.03964,102.660263
梁源三区,梁源三区,25.038038,102.658554
前兴路口(日新东路),前兴路口(日新东路),24.998281,102.709514
佳湖花园(日新东路),佳湖花园(日新东路),24.99917,102.713196
锦苑花园(日新东路),锦苑花园(日新东路),25.000122,102.718796
锦苑花园,锦苑花园,25.003268,102.721901
福达路口(官南大道),福达路口(官南大道),25.005625,102.721376
福昌路口(官南大道),福昌路口(官南大道),25.009171,102.720755
永平路口(南坝路),永平路口(南坝路),25.018911,102.715564
南坝路,南坝路,25.021016,102.715317
董家湾(东风东路),董家湾(东风东路),25.038321,102.73616
水木山居小区(金马路),水木山居小区(金马路),25.034758,102.749992
金瓦路口(太平路),金瓦路口(太平路),25.035716,102.752765
建工三村,建工三村,25.035126,102.758837
太平村,太平村,25.034106,102.761562
西岳庙(西昌路),西岳庙(西昌路),25.024206,102.707764
西昌路口(新闻路),西昌路口(新闻路),25.036897,102.696293
新闻路,新闻路,25.035625,102.692075
民院路,民院路,25.05901,102.704297
莲花池,莲花池,25.061129,102.702232
教场西路口,教场西路口,25.06628,102.697517
教场中路,教场中路,25.070486,102.696877
教场北路口,教场北路口,25.072526,102.696858
巴士家园,巴士家园,25.073832,102.70181
时代年华小区(年华街),时代年华小区(年华街),25.005052,102.699661
春晓花园小区,春晓花园小区,25.007326,102.703819
国防路,国防路,25.034401,102.702469
环城西路口(人民西路),环城西路口(人民西路),25.044436,102.688004
科医路口(洪源路),科医路口(洪源路),25.056589,102.667801
洪家营,洪家营,25.059214,102.666847
科光路口(昌源中路),科光路口(昌源中路),25.054089,102.656349
美丽新世界小区(昌源中路),美丽新世界小区(昌源中路),25.050852,102.655754
新迎北路口,新迎北路口,25.053425,102.736626
穿金路口(北辰大道),穿金路口(北辰大道),25.07309,102.744255
云波新村,云波新村,25.075674,102.740479
江东四季园,江东四季园,25.088593,102.73658
金实西区(江东花园北路),金实西区(江东花园北路),25.090473,102.733292
月牙塘小区南门,月牙塘小区南门,25.09384,102.727646
红锦路口(龙江路),红锦路口(龙江路),25.094667,102.725273
南屏街东口,南屏街东口,25.037717,102.713164
东三环路口(白龙路),东三环路口(白龙路),25.065469,102.752231
黄土坡立交桥北口,黄土坡立交桥北口,25.067973,102.667687
小屯立交桥西口,小屯立交桥西口,25.07217,102.663834
新光巷口(科高路),新光巷口(科高路),25.073932,102.66082
高新区管委会(科高路),高新区管委会(科高路),25.074909,102.658859
科新路口(海源北路),科新路口(海源北路),25.073725,102.655006
傲云峰小区(海源北路),傲云峰小区(海源北路),25.07589,102.650139
商院路口(海源北路),商院路口(海源北路),25.077717,102.646042
丽阳星城小区(海源北路),丽阳星城小区(海源北路),25.079323,102.642444
海源北路西口,海源北路西口,25.08043,102.639983
海源寺北,海源寺北,25.077536,102.63913
海源寺(西三环西),海源寺(西三环西),25.072921,102.641155
凉亭中路南段,凉亭中路南段,25.02181,102.757804
彩云北路口(凉亭中路),彩云北路口(凉亭中路),25.021354,102.754826
北辰小区(北辰大道),北辰小区(北辰大道),25.078009,102.737083
北京路口(北辰大道),北京路口(北辰大道),25.08,102.734177
温馨家园(金色大道),温馨家园(金色大道),25.082777,102.730492
水乡路口(金色大道),水乡路口(金色大道),25.085199,102.727325
月牙潭公园,月牙潭公园,25.088707,102.722809
沙坝营(霖雨路),沙坝营(霖雨路),25.098875,102.722847
鼓楼路1,鼓楼路1,25.055226,102.711319
东站(东郊路),东站(东郊路),25.029891,102.736541
严家地(西园路),严家地(西园路),25.021536,102.696931
船房小区,船房小区,25.024371,102.692405
西坝路口(西园路),西坝路口(西园路),25.026594,102.688889
新闻路口(西园路),新闻路口(西园路),25.031914,102.682604
蓝龙潭车场,蓝龙潭车场,25.131102,102.730423
龙泉路口(沣源路),龙泉路口(沣源路),25.131241,102.7325
蒜村(沣源路),蒜村(沣源路),25.128793,102.736775
青松路口(沣源路),青松路口(沣源路),25.125082,102.741753
北部公交枢纽站(沣源路),北部公交枢纽站(沣源路),25.107943,102.759575
沣源路中段,沣源路中段,25.105321,102.763811
金色交响家园小区,金色交响家园小区,25.045782,102.769676
金瓦路口(金瓦巷),金瓦路口(金瓦巷),25.04862,102.770882
金瓦路口(东三环),金瓦路口(东三环),25.047869,102.772186
金色交响小区南口,金色交响小区南口,25.041922,102.774773
白沙街,白沙街,25.040625,102.7687
白沙街1号站,白沙街1号站,25.044493,102.765732
虹桥路口(金瓦路),虹桥路口(金瓦路),25.040929,102.756102
青年路口(威远街),青年路口(威远街),25.039913,102.713611
关平路口(日新路),关平路口(日新路),25.004831,102.743042
关南路口(日新路),关南路口(日新路),25.004196,102.73922
宝海路口(日新路),宝海路口(日新路),25.003572,102.73542
官南路口(广福路),官南路口(广福路),24.979944,102.717537
华晨路口(广福路),华晨路口(广福路),24.979648,102.710395
月牙塘小区,月牙塘小区,25.096436,102.730087
沙坝营(红锦路),沙坝营(红锦路),25.098911,102.725639
右营村,右营村,25.104513,102.727837
红云小区,红云小区,25.107847,102.72937
红锦路口(红云路),红锦路口(红云路),25.110409,102.729546
上庄,上庄,25.112169,102.725655
西部客运站(昆州路),西部客运站(昆州路),25.035655,102.64072
沙地村,沙地村,25.039214,102.643225
昆州路口(华苑路),昆州路口(华苑路),25.039045,102.647621
德缘小区(兴苑路),德缘小区(兴苑路),25.038206,102.650764
张家村(兴苑路),张家村(兴苑路),25.039518,102.656418
近华浦路口(云山路),近华浦路口(云山路),25.040455,102.675781
气象路,气象路,25.023794,102.69632
鲜花大道路口,鲜花大道路口,25.018003,102.649271
新发小区(海源南路),新发小区(海源南路),25.035208,102.660773
兴苑路口(海源南路),兴苑路口(海源南路),25.04043,102.661354
海源南路北,海源南路北,25.04477,102.661732
西一中,西一中,25.048976,102.662114
国际花园(海源北路),国际花园(海源北路),25.065829,102.662496
科发路口(海源北路),科发路口(海源北路),25.071215,102.660074
马街,马街,25.034302,102.640053
益宁路口(兴苑路),益宁路口(兴苑路),25.034067,102.643204
下窑,下窑,25.036177,102.645226
小花园(青年路),小花园(青年路),25.043169,102.715576
红康路,红康路,25.101597,102.72731
圆通街,圆通街,25.050186,102.711227
昆医附二院,昆医附二院,25.054562,102.680278
春晖小区,春晖小区,25.050382,102.679826
科高路口(科发路),科高路口(科发路),25.071152,102.662277
水逸康桥小区(科高路),水逸康桥小区(科高路),25.076431,102.655388
科开路口(科高路),科开路口(科高路),25.07736,102.653259
商院路口(科高路),商院路口(科高路),25.079453,102.648399
昆明站(永胜路),昆明站(永胜路),25.018208,102.723457
东三环路口(昌宏路),东三环路口(昌宏路),24.991047,102.757866
中林建材城北门,中林建材城北门,24.989231,102.753822
东聚路,东聚路,24.982819,102.752907
龙马村(云秀路),龙马村(云秀路),24.936766,102.731532
龙马社区居委会,龙马社区居委会,24.938807,102.734428
中营(云秀路),中营(云秀路),24.942822,102.740143
湾流海小区,湾流海小区,24.942912,102.743034
付家营路口(古渡口路),付家营路口(古渡口路),24.939396,102.747414
师大附属官渡中学,师大附属官渡中学,24.937287,102.752535
俊福花园小区,俊福花园小区,24.93408,102.755612
先锋路中段,先锋路中段,24.931476,102.761554
关锁中心学校,关锁中心学校,24.931484,102.76841
金沙小区,金沙小区,25.04221,102.760384
金瓦路,金瓦路,25.038194,102.752695
昆明冠生园,昆明冠生园,25.019896,102.697144
福海乡,福海乡,25.010816,102.686862
假日湾小区(锦西路),假日湾小区(锦西路),24.980885,102.723772
新闻路口(西昌路),新闻路口(西昌路),25.038984,102.695751
人民西路口(西园路),人民西路口(西园路),25.043936,102.679176
阳光花园小区(日新西路),阳光花园小区(日新西路),25.010951,102.675161
穿心鼓楼(穿金路),穿心鼓楼(穿金路),25.049284,102.721443
席子营(穿金路),席子营(穿金路),25.050053,102.723503
铂金大道,铂金大道,25.083689,102.752982
江东花城,江东花城,25.091892,102.743155
霖雨桥东,霖雨桥东,25.092604,102.741257
小绿水河(华山南路),小绿水河(华山南路),25.044207,102.711357
华山东路口(螺峰街),华山东路口(螺峰街),25.048201,102.711082
螺峰街,螺峰街,25.049284,102.709549
圆通街口(北门街),圆通街口(北门街),25.050802,102.708069
丁字坡,丁字坡,25.052916,102.705643
园西路口(北门街),园西路口(北门街),25.055519,102.703575
教益路口(教场东路),教益路口(教场东路),25.065534,102.701806
白云路口(教场东路),白云路口(教场东路),25.067062,102.703381
白云路西口,白云路西口,25.067912,102.705343
北三环路口(红锦路),北三环路口(红锦路),25.091107,102.722734
龙江路口(红锦路),龙江路口(红锦路),25.093989,102.723893
高朱村,高朱村,25.005255,102.694847
杨家路口(金广路),杨家路口(金广路),25.003225,102.689618
省高院,省高院,25.000807,102.68645
高i村,高i村,24.981606,102.624497
武警医院,武警医院,24.979301,102.626907
杨家村,杨家村,24.976892,102.630065
省委党校,省委党校,24.974974,102.633516
苏家村口,苏家村口,24.971007,102.633129
西园,西园,24.963589,102.636909
龙门村(湖滨路),龙门村(湖滨路),24.956902,102.640175
海埂旅游索道站,海埂旅游索道站,24.960434,102.651641
观景路,观景路,24.969848,102.651185
海埂长堤,海埂长堤,24.97331,102.652397
海埂别墅区,海埂别墅区,24.973688,102.658997
金柳西路口(红塔西路),金柳西路口(红塔西路),24.973915,102.66273
红塔西路,红塔西路,24.974236,102.668681
海埂公园,海埂公园,24.961813,102.665688
西华北路口(西坝路),西华北路口(西坝路),25.031024,102.69053
如安街口(五一路),如安街口(五一路),25.042318,102.705382
正义路,正义路,25.043355,102.709805
永昌小区(华昌路),永昌小区(华昌路),25.017365,102.705055
红园路口(小康大道),红园路口(小康大道),25.104298,102.733994
北仓村,北仓村,25.109194,102.735641
金水湾小区(小康大道),金水湾小区(小康大道),25.113464,102.737892
银河星辰花园(小康大道),银河星辰花园(小康大道),25.119497,102.741714
实力郡城(小康大道),实力郡城(小康大道),25.121649,102.743523
杨家地(邬小路),杨家地(邬小路),25.004119,102.682578
田家地,田家地,25.005703,102.682235
滇池路口(日新西路),滇池路口(日新西路),25.008503,102.677361
柳苑,柳苑,25.013098,102.677353
南诏苑(福景路),南诏苑(福景路),25.015619,102.679634
马家堆,马家堆,25.016345,102.677734
大观楼南园,大观楼南园,25.01717,102.675255
五家堆村,五家堆村,25.020977,102.676407
五家堆村北,五家堆村北,25.024757,102.677826
航运码头,航运码头,25.028393,102.678123
卢家营,卢家营,25.030682,102.681946
草海公交首末站,草海公交首末站,25.017969,102.65441
鸿运小区,鸿运小区,25.025417,102.663246
明河路东口,明河路东口,25.027205,102.66478
明波村,明波村,25.026745,102.668106
明波路,明波路,25.026927,102.671793
翠湖南路,翠湖南路,25.045933,102.703516
翠湖东门,翠湖东门,25.047464,102.705719
华苑路,华苑路,25.041593,102.645313
丽苑路西段,丽苑路西段,25.037081,102.659714
西山区政府(丽苑路),西山区政府(丽苑路),25.036858,102.663177
梁源小区,梁源小区,25.036623,102.666687
秋苑小区(昆州路),秋苑小区(昆州路),25.038521,102.667526
云南大学(翠湖北路),云南大学(翠湖北路),25.051897,102.703733
小菜园立交桥5,小菜园立交桥5,25.059858,102.709526
螺蛳湾公交枢纽站,螺蛳湾公交枢纽站,24.930182,102.776194
螺蛳湾商贸城东(商城大道),螺蛳湾商贸城东(商城大道),24.932283,102.779527
商城大道,商城大道,24.938402,102.777977
子君村(广福路),子君村(广福路),24.946558,102.777222
岔街,岔街,25.032023,102.730113
大观路口(近华浦路),大观路口(近华浦路),25.031684,102.678516
西站2,西站2,25.052344,102.689115
人民新村,人民新村,25.053203,102.690586
安全新村,安全新村,25.056363,102.689384
景秀庄园小区(虹山东路),景秀庄园小区(虹山东路),25.062153,102.68842
张官营南口,张官营南口,25.058315,102.714821
张官营,张官营,25.060646,102.715904
万华路,万华路,25.064371,102.717339
下马村(教场北路),下马村(教场北路),25.071766,102.709244
教场北路,教场北路,25.072268,102.705986
滇池卫城小区,滇池卫城小区,24.974944,102.682921
滇池卫城幼儿园,滇池卫城幼儿园,24.968607,102.679935
滇池卫城实验中学,滇池卫城实验中学,24.967674,102.684084
体院路,体院路,24.965898,102.681871
体院路(滇池学院),体院路(滇池学院),24.96602,102.679783
体院路口(兴体路),体院路口(兴体路),24.967062,102.676814
兴体路北段,兴体路北段,24.974028,102.679631
兴体路口(红塔东路),兴体路口(红塔东路),24.975052,102.67901
滇池路口(红塔东路),滇池路口(红塔东路),24.974162,102.674019
红菱路,红菱路,25.04793,102.685195
昆船大道,昆船大道,24.990929,102.796181
昆船工业北区,昆船工业北区,24.993341,102.797234
彩云北路口(贵昆路),彩云北路口(贵昆路),25.008619,102.768867
邬小村(日新中路),邬小村(日新中路),24.996918,102.691189
陈顾村,陈顾村,24.996285,102.693733
前卫西路口(日新中路),前卫西路口(日新中路),24.996628,102.698342
北京路口环城南路,北京路口环城南路,25.024201,102.721819
绿荫大道路口(希望路),绿荫大道路口(希望路),25.004665,102.712553
前兴路口(绿荫大道),前兴路口(绿荫大道),25.005873,102.711586
海埂路口(前卫西路),海埂路口(前卫西路),25.009562,102.707901
前卫西路口(马洒营),前卫西路口(马洒营),25.008867,102.701477
孙家地,孙家地,25.008932,102.699844
金兰路,金兰路,25.009909,102.697812
怡康新村,怡康新村,25.007574,102.694431
河宏路口(前卫西路),河宏路口(前卫西路),24.992708,102.693707
青青小镇(前卫西路),青青小镇(前卫西路),24.989557,102.689621
大漾田公交首末站,大漾田公交首末站,25.102266,102.649674
陈家营路口(玉峰路),陈家营路口(玉峰路),25.099497,102.647947
普惠园(玉峰路),普惠园(玉峰路),25.097118,102.647695
玉峰路口(王筇路),玉峰路口(王筇路),25.093333,102.645621
海屯路口(西三环),海屯路口(西三环),25.087179,102.641931
龙院村,龙院村,25.086597,102.642769
慧谷路口(海屯路),慧谷路口(海屯路),25.085252,102.645512
龙院新村,龙院新村,25.084405,102.647201
商院路口(海屯路),商院路口(海屯路),25.082938,102.650256
金川路口(海屯路),金川路口(海屯路),25.081853,102.652413
沙河路口(海屯路),沙河路口(海屯路),25.079969,102.656296
大塘子,大塘子,25.077934,102.660503
小屯,小屯,25.075295,102.665751
下马新村,下马新村,25.069418,102.706098
高新区管委会(科新路),高新区管委会(科新路),25.074362,102.657166
海源北路口(科开路),海源北路口(科开路),25.074015,102.652145
科开路口(科园路),科开路口(科园路),25.071253,102.654381
科新路口(科园路),科新路口(科园路),25.069965,102.657242
科园路口(科发路),科园路口(科发路),25.068237,102.657547
科发路口(昌源北路),科发路口(昌源北路),25.066584,102.656548
滇缅大道路口(昌源北路),滇缅大道路口(昌源北路),25.064266,102.657051
彩云北路口(昌宏路),彩云北路口(昌宏路),24.991888,102.765182
鸣泉村(昌宏路),鸣泉村(昌宏路),24.992268,102.770721
昆岭路口(云大西路),昆岭路口(云大西路),24.987911,102.775772
云大西路,云大西路,24.980423,102.781296
小普路口(云大西路),小普路口(云大西路),24.978552,102.783699
羊甫村,羊甫村,24.977582,102.786914
羊甫车场,羊甫车场,24.974601,102.793598
华龙人家小区,华龙人家小区,25.109385,102.731964
龙井街口(五一路),龙井街口(五一路),25.040069,102.705369
景星公园,景星公园,25.038212,102.705404
青青小镇,青青小镇,24.989644,102.689865
前卫西路口(河宏路),前卫西路口(河宏路),24.991467,102.693481
前福路口(河宏路),前福路口(河宏路),24.989708,102.696274
拥金路口(河宏路),拥金路口(河宏路),24.987827,102.701164
云南冶炼厂,云南冶炼厂,25.093181,102.675712
云冶路,云冶路,25.089193,102.675846
云冶生活区,云冶生活区,25.08579,102.675699
羊仙坡北路,羊仙坡北路,25.078503,102.677344
羊仙坡北路口,羊仙坡北路口,25.074336,102.680226
金家山,金家山,25.070751,102.68145
羊仙坡,羊仙坡,25.068472,102.681931
学府路口(虹山东路),学府路口(虹山东路),25.063911,102.684935
河宏路口(前福路),河宏路口(前福路),24.989223,102.698971
前福路口(前旺路),前福路口(前旺路),24.99329,102.701389
宋旗小区(前旺路),宋旗小区(前旺路),24.99349,102.704809
前旺路,前旺路,24.993533,102.709358
理想小镇小区(希望路),理想小镇小区(希望路),24.993834,102.712471
宝海公园(宝海路),宝海公园(宝海路),25.01151,102.735117
关兴路中段,关兴路中段,25.012478,102.739761
竹园新村南,竹园新村南,24.980091,102.785202
竹园新村东,竹园新村东,24.982635,102.787743
小普路口(经浦路),小普路口(经浦路),24.984381,102.788261
云麻路口(经浦路),云麻路口(经浦路),24.991362,102.784027
车辆管理所,车辆管理所,24.993484,102.782013
昌宏路口(经邮路),昌宏路口(经邮路),24.997948,102.777603
经宏路口(经牛路),经宏路口(经牛路),25.000034,102.777916
昌宏路口(经牛路),昌宏路口(经牛路),24.999544,102.780891
经牛路口(昌宏路),经牛路口(昌宏路),24.999926,102.782295
经开区车场,经开区车场,25.00296,102.783852
昆都南门,昆都南门,25.036615,102.701011
环城西路口(新闻路),环城西路口(新闻路),25.034969,102.689812
新闻路西口,新闻路西口,25.032604,102.685455
省图书馆,省图书馆,25.048443,102.699059
大观商业城,大观商业城,25.042821,102.697778
上坝村口,上坝村口,25.138315,102.775414
中坝村口,中坝村口,25.139509,102.773026
中坝村,中坝村,25.138155,102.769478
翠微里(青秀街),翠微里(青秀街),25.138273,102.765625
昆明湖澜庭(源起街),昆明湖澜庭(源起街),25.130751,102.76487
雨树下村,雨树下村,25.13135,102.762886
龙江西路口(昆澜街),龙江西路口(昆澜街),25.127101,102.75997
昆明瀑布公园,昆明瀑布公园,25.125968,102.762478
雨树上村,雨树上村,25.12678,102.758615
龙江西路中段,龙江西路中段,25.123438,102.755219
沣源路口(龙江西路),沣源路口(龙江西路),25.120604,102.752167
海源寺(西三环东),海源寺(西三环东),25.074431,102.640885
海源北路口(慧谷路),海源北路口(慧谷路),25.080135,102.643364
海屯路口(慧谷路),海屯路口(慧谷路),25.083056,102.643993
商汇路,商汇路,24.983215,102.706924
昆明玉器城(欣玉路),昆明玉器城(欣玉路),25.163524,102.746137
欣玉路口(财富街),欣玉路口(财富街),25.167357,102.746619
石关新村,石关新村,25.167218,102.744015
昆明玉器城,昆明玉器城,25.16362,102.743997
石关村路口,石关村路口,25.158911,102.742678
花渔沟北段,花渔沟北段,25.156033,102.744392
花渔沟中段,花渔沟中段,25.154432,102.744606
花渔沟南段,花渔沟南段,25.15004,102.743019
植物园,植物园,25.146385,102.742584
逸雅路口(华晨路),逸雅路口(华晨路),24.971437,102.709831
逸康路口(金湖路),逸康路口(金湖路),24.977314,102.705162
广福路口(前兴路),广福路口(前兴路),24.980049,102.705025
明河路下段,明河路下段,25.018633,102.66024
明河路中段,明河路中段,25.023104,102.661201
白龙路口(龙华路),白龙路口(龙华路),25.057335,102.746544
昙华路北段,昙华路北段,25.053013,102.747856
昙华路中段,昙华路中段,25.048819,102.747674
昙花寺(昙华路),昙花寺(昙华路),25.044926,102.74822
昙华路南段,昙华路南段,25.043477,102.747023
光明路西口,光明路西口,25.043043,102.749314
光明路,光明路,25.04408,102.750842
光明路东口,光明路东口,25.046645,102.75467
紫骏苑小区,紫骏苑小区,25.049336,102.755755
虹山南路,虹山南路,25.057104,102.688065
红星家园,红星家园,25.055038,102.682938
龙翔街,龙翔街,25.050399,102.693511
五华广场,五华广场,25.044582,102.706284
象眼街,象眼街,25.04076,102.711403
中苜蓿村,中苜蓿村,24.990747,102.736962
中苜蓿村口,中苜蓿村口,24.992747,102.736493
苜蓿路,苜蓿路,24.995534,102.736246
日新工业区,日新工业区,24.998542,102.735651
日新村中段,日新村中段,24.99829,102.732908
日新村(福德路),日新村(福德路),24.998667,102.729263
日新路口(福德路),日新路口(福德路),25.000319,102.72905
环湖东路口(湖滨路),环湖东路口(湖滨路),24.951172,102.692276
湖滨路,湖滨路,24.956221,102.686462
海埂村,海埂村,24.958624,102.678596
金柳西路口,金柳西路口,24.973881,102.662071
观景路中段,观景路中段,24.975664,102.65097
海埂大坝车场,海埂大坝车场,24.982674,102.650658
回龙村,回龙村,25.132682,102.771215
竹园村,竹园村,25.124835,102.769505
龙江西路口(农科北路),龙江西路口(农科北路),25.127739,102.758751
昆明铣床厂,昆明铣床厂,25.123707,102.751122
落索坡村中段,落索坡村中段,25.123668,102.748069
落索坡村口(临时站),落索坡村口(临时站),25.125603,102.745937
东寺街南口,东寺街南口,25.027353,102.709274
市总工会,市总工会,25.028004,102.711563
书林街南口,书林街南口,25.0251,102.711567
官庄村(前卫西路),官庄村(前卫西路),25.004583,102.701115
二村(前卫西路),二村(前卫西路),25.00079,102.698997
前旺路口(前福路),前旺路口(前福路),24.992405,102.699987
世纪半岛小区(河宏路),世纪半岛小区(河宏路),24.992458,102.691689
陆家路口(河宏路),陆家路口(河宏路),24.994648,102.686989
北教场立交桥,北教场立交桥,25.07513,102.696072
泰龙阁小区车场,泰龙阁小区车场,25.078746,102.694043
雨龙村(昆洛路),雨龙村(昆洛路),24.985964,102.767639
红外路西口,红外路西口,24.980903,102.771424
红外路,红外路,24.98276,102.773811
红外路东口,红外路东口,24.984661,102.776467
潘家湾(西安马路),潘家湾(西安马路),25.043147,102.696332
加州枫景小区,加州枫景小区,25.010851,102.672211
平桥村,平桥村,25.008169,102.669876
郑家河村,郑家河村,25.005716,102.666161
陆家村(西福路),陆家村(西福路),25.002136,102.661758
边防路口(西福路),边防路口(西福路),24.999453,102.659721
新河村口,新河村口,24.997499,102.658325
白水塘上村,白水塘上村,24.993659,102.845924
公家村,公家村,24.993394,102.840282
公家村口,公家村口,24.993607,102.83252
小石坝下段,小石坝下段,24.99477,102.829224
小石坝中段,小石坝中段,24.994301,102.824478
阿拉办事处,阿拉办事处,24.994926,102.822205
后新街口(巡津街),后新街口(巡津街),25.032635,102.716788
后新街,后新街,25.031206,102.713509
双龙乡,双龙乡,25.118559,102.855135
双龙农贸市场,双龙农贸市场,25.114449,102.852322
双龙乡政府,双龙乡政府,25.110156,102.849492
大凹子村东,大凹子村东,25.101775,102.836059
大凹子村西,大凹子村西,25.097856,102.832014
东大村,东大村,25.096544,102.83007
绿营地,绿营地,25.09697,102.828398
敬老院(金浑路),敬老院(金浑路),25.094657,102.823915
哈马者村,哈马者村,25.092192,102.805734
野生动物拯救中心,野生动物拯救中心,25.08862,102.802144
黄龙箐,黄龙箐,25.086545,102.798511
麦冲村,麦冲村,25.08737,102.793199
大箐,大箐,25.087487,102.783559
金水湾,金水湾,25.086623,102.779249
金殿大坝,金殿大坝,25.091319,102.770764
东寺街,东寺街,25.031619,102.708989
西寺塔,西寺塔,25.029262,102.709132
长润街,长润街,25.021164,102.73967
晓东村北,晓东村北,24.990621,102.762105
晓东村,晓东村,24.984058,102.761856
雨龙村(永中路),雨龙村(永中路),24.982742,102.763054
雨龙村口(永中路),雨龙村口(永中路),24.984617,102.765549
体育中心,体育中心,24.947292,102.769327
广福路口(商海路),广福路口(商海路),24.948086,102.781931
商英街口(商海路),商英街口(商海路),24.935587,102.78286
商城大道路口(商海路),商城大道路口(商海路),24.934813,102.780373
螺蛳湾公交枢纽站(怡安路),螺蛳湾公交枢纽站(怡安路),24.929983,102.778236
溪麓南郡小区,溪麓南郡小区,25.10464,102.77737
秧田坝,秧田坝,25.098806,102.770464
华苑路口,华苑路口,25.04055,102.64563
大都购物中心(珥季路),大都购物中心(珥季路),24.970095,102.766506
珥季路中段,珥季路中段,24.96759,102.76297
如意西路口(珥季路),如意西路口(珥季路),24.964207,102.758385
世纪大澡堂,世纪大澡堂,24.96089,102.753952
火电公司,火电公司,25.001549,102.81076
昆船培训中心,昆船培训中心,25.000056,102.814284
大石坝村,大石坝村,24.999197,102.815308
大石坝西,大石坝西,24.99569,102.813385
长村,长村,24.992548,102.8075
刘家营(立夏路),刘家营(立夏路),25.027422,102.694168
刘家营新区,刘家营新区,25.025477,102.692852
永兴路口(华昌路),永兴路口(华昌路),25.020421,102.7049
小菜园立交桥东,小菜园立交桥东,25.058125,102.712613
羊肠村地铁站(红园路),羊肠村地铁站(红园路),25.101645,102.74086
盘江西路口(红园路),盘江西路口(红园路),25.102361,102.738299
蒜村(青松路),蒜村(青松路),25.129427,102.738747
青松路,青松路,25.132587,102.739349
青松路中段,青松路中段,25.137287,102.738739
白杨路口(青松路),白杨路口(青松路),25.142105,102.738762
茨坝正街路口,茨坝正街路口,25.144367,102.739166
欣玉路,欣玉路,25.163555,102.746132
金牛小区南门,金牛小区南门,25.009952,102.692817
省高院南口,省高院南口,24.998751,102.683762
周家村,周家村,24.997423,102.682045
双凤路口(广福路),双凤路口(广福路),24.977266,102.724162
广福路口(金源大道),广福路口(金源大道),24.964331,102.744614
师大金源学校,师大金源学校,24.963015,102.749901
世纪城(如意环路),世纪城(如意环路),24.964197,102.752151
咏春苑,咏春苑,24.967079,102.755333
惜春苑,惜春苑,24.971111,102.758453
迎春苑,迎春苑,24.972523,102.761299
茗春苑,茗春苑,24.975182,102.759544
金源购物中心,金源购物中心,24.976534,102.76297
世纪城车场,世纪城车场,24.978115,102.765999
吴井新村(吴井路),吴井新村(吴井路),25.026788,102.726684
螺蛳湾三期(商城大道),螺蛳湾三期(商城大道),24.944032,102.782821
螺蛳湾二期(商城大道),螺蛳湾二期(商城大道),24.94191,102.779609
航天城,航天城,24.982477,102.821976
耀兴枫丹白露公园(贵昆路),耀兴枫丹白露公园(贵昆路),24.988476,102.812492
中北集团,中北集团,24.999353,102.678276
螺蛳湾二期车场,螺蛳湾二期车场,24.946215,102.777609
西园路口(丹霞路),西园路口(丹霞路),25.036706,102.677747
学府路口(教场中路),学府路口(教场中路),25.064162,102.698077
北市区车场(霖雨路),北市区车场(霖雨路),25.097166,102.727592
霖雨路,霖雨路,25.094408,102.735718
中营东,中营东,24.945217,102.743546
宝矣路口,宝矣路口,24.948156,102.747726
官渡区政府,官渡区政府,24.949826,102.750109
新宝象河桥,新宝象河桥,24.95154,102.752586
广福路口(云秀路),广福路口(云秀路),24.952713,102.754288
官渡古镇(云秀路),官渡古镇(云秀路),24.955456,102.758194
官渡街道办事处,官渡街道办事处,24.957687,102.76136
六谷村(云秀路),六谷村(云秀路),24.959883,102.764488
雨花公交枢纽站,雨花公交枢纽站,24.836927,102.843507
彩云南路口(景明南路),彩云南路口(景明南路),24.839909,102.843694
万青路口(景明南路),万青路口(景明南路),24.843559,102.848459
景明南路,景明南路,24.848329,102.851497
聚贤街口(景明南路),聚贤街口(景明南路),24.854136,102.852001
聚贤街,聚贤街,24.856319,102.848108
春融东路,春融东路,24.859796,102.844162
联大街口(春融东路),联大街口(春融东路),24.86339,102.842873
祥园街口(春融东路),祥园街口(春融东路),24.867717,102.841345
宝珠街口(春融东路),宝珠街口(春融东路),24.8722,102.839722
锦绣大街口(春融东路),锦绣大街口(春融东路),24.87842,102.837548
市委(春融东路),市委(春融东路),24.882843,102.835955
新区会堂(春融街),新区会堂(春融街),24.88629,102.832565
彩云南路口(春融街),彩云南路口(春融街),24.884883,102.828099
春融街地铁站B口,春融街地铁站B口,24.885282,102.825139
洛龙村(彩云南路),洛龙村(彩云南路),24.889427,102.823685
洛龙公园(彩云南路),洛龙公园(彩云南路),24.896107,102.820699
呈黄立交桥北,呈黄立交桥北,24.897947,102.816962
呈贡东门坡,呈贡东门坡,24.898555,102.807292
广福立交南,广福立交南,24.938958,102.772157
银苑小区,银苑小区,25.001658,102.729536
西贡码头(迎海路),西贡码头(迎海路),24.984931,102.659826
迎海路,迎海路,24.983854,102.655655
滇池卫城(红塔东路),滇池卫城(红塔东路),24.976398,102.684549
广福路口(红塔东路),广福路口(红塔东路),24.977374,102.688231
太平寺,太平寺,24.972818,102.755836
吉祥中路口(金源大道),吉祥中路口(金源大道),24.969792,102.75184
吉祥西路口(金源大道),吉祥西路口(金源大道),24.967539,102.748885
广福路口(巫家坝路),广福路口(巫家坝路),24.973155,102.729388
上五甲村(巫家坝路),上五甲村(巫家坝路),24.964553,102.723446
上五甲,上五甲,24.960877,102.719375
永胜村委会,永胜村委会,24.959345,102.717179
永胜村一组,永胜村一组,24.958003,102.715339
永胜村,永胜村,24.954891,102.713034
麻园(科业路),麻园(科业路),25.058099,102.675221
西山区政府(秀苑路),西山区政府(秀苑路),25.037422,102.664922
五腊隧道西,五腊隧道西,24.926584,102.770035
螺蛳湾仓储区东,螺蛳湾仓储区东,24.925846,102.766251
云龙村,云龙村,24.923365,102.760674
云龙村南口,云龙村南口,24.921619,102.759315
关锁村,关锁村,24.919661,102.75663
渔村,渔村,24.925077,102.750153
高庙村,高庙村,24.926533,102.754669
螺蛳湾仓储区,螺蛳湾仓储区,24.928438,102.761016
螺蛳湾仓储区东(云福街),螺蛳湾仓储区东(云福街),24.92714,102.765204
昌源中路口(科医路),昌源中路口(科医路),25.056085,102.660282
平桥村(西福路),平桥村(西福路),25.009384,102.671345
西华园(西福路),西华园(西福路),25.021545,102.682409
昆州路口(秀苑路),昆州路口(秀苑路),25.041788,102.66526
海源南路口(昆州路),海源南路口(昆州路),25.042578,102.660553
张家村(昆州路),张家村(昆州路),25.043156,102.651108
平桥村(广福路),平桥村(广福路),25.007331,102.671411
怡景路,怡景路,24.979033,102.656769
红塔西路口(怡景路),红塔西路口(怡景路),24.975155,102.658348
国贸路口(宝海路),国贸路口(宝海路),25.008507,102.735955
张家村(昌源南路),张家村(昌源南路),25.040733,102.655296
上锦路,上锦路,25.044809,102.645638
向化村(双凤路),向化村(双凤路),24.98234,102.729149
万德新村,万德新村,24.989878,102.731424
双凤路北口,双凤路北口,24.995869,102.732826
豆腐营(云兴路),豆腐营(云兴路),25.017348,102.707287
莲花池正街,莲花池正街,25.057522,102.702322
莲花池公园西门,莲花池公园西门,25.060117,102.7001
教场中路口(教场北路),教场中路口(教场北路),25.072405,102.695707
教场北路西段,教场北路西段,25.073754,102.693559
信息产业基地车场,信息产业基地车场,24.935781,102.845972
石龙路口(秋锦路),石龙路口(秋锦路),24.934297,102.843702
经开区管委会(春漫大道),经开区管委会(春漫大道),24.946536,102.841115
云湾路口(春漫大道),云湾路口(春漫大道),24.947214,102.837878
红枫路口(林溪路),红枫路口(林溪路),24.945655,102.833932
大冲村(林溪路),大冲村(林溪路),24.942912,102.831654
晨光路口(拓翔路),晨光路口(拓翔路),24.942943,102.826059
云霞路口(拓翔路),云霞路口(拓翔路),24.948225,102.827127
春漫大道路口(拓翔路),春漫大道路口(拓翔路),24.952405,102.831628
云景路口(拓翔路),云景路口(拓翔路),24.959388,102.834132
拓翔路中段,拓翔路中段,24.96155,102.83419
凌源路口(拓翔路),凌源路口(拓翔路),24.966963,102.834587
大冲村(拓翔路),大冲村(拓翔路),24.976471,102.833568
公家村(昆石公路),公家村(昆石公路),24.983668,102.827192
富春街口,富春街口,25.043524,102.701706
核桃箐,核桃箐,25.086178,102.7004
教兴路口(核桃箐路),教兴路口(核桃箐路),25.082383,102.705352
核桃箐路,核桃箐路,25.080729,102.707115
教兴路南段,教兴路南段,25.077257,102.706818
海盛路口(前福路),海盛路口(前福路),24.983824,102.69497
广福小区,广福小区,24.980894,102.694023
希望路,希望路,24.982201,102.711517
华都小区(华晨路),华都小区(华晨路),24.97549,102.710486
逸华路口(华晨路),逸华路口(华晨路),24.973299,102.710994
张家庙西,张家庙西,24.972977,102.713694
叶家村西,叶家村西,24.970994,102.712669
逸雅路,逸雅路,24.97082,102.710638
云秀路,云秀路,24.966758,102.773668
云秀路口(广居路),云秀路口(广居路),24.966927,102.775946
广居路,广居路,24.964041,102.777552
子泰路口(广居路),子泰路口(广居路),24.959818,102.779045
子君花园小区,子君花园小区,24.956732,102.779913
广居路南段,广居路南段,24.954058,102.780751
子君村东,子君村东,24.950139,102.781797
新螺蛳湾公交枢纽站(怡安路),新螺蛳湾公交枢纽站(怡安路),24.930009,102.778234
九夏云水小区,九夏云水小区,24.995792,102.675888
金兰路口(前卫西路),金兰路口(前卫西路),25.011702,102.701691
大树营,大树营,25.038324,102.739136
昆三中(春融东路),昆三中(春融东路),24.882904,102.835663
政务服务中心(锦绣大街),政务服务中心(锦绣大街),24.877327,102.836266
二号楼(和谐路),二号楼(和谐路),24.877018,102.832848
市政府(和谐路),市政府(和谐路),24.881445,102.831284
滇池路口(广福路),滇池路口(广福路),25.003073,102.675412
西华小区(西园路),西华小区(西园路),25.028048,102.686531
雨花公交枢纽站(大学城地铁站),雨花公交枢纽站(大学城地铁站),24.836897,102.84346
雨花公交枢纽站(彩云南路),雨花公交枢纽站(彩云南路),24.83497,102.843073
黄土坡车场,黄土坡车场,25.063381,102.671684
滇池星城小区,滇池星城小区,24.861806,102.794852
市委花园,市委花园,25.028898,102.715
新螺蛳湾公交枢纽站(车场),新螺蛳湾公交枢纽站(车场),24.930308,102.776298
永胜路,永胜路,25.018047,102.723473
弥勒寺(金碧路),弥勒寺(金碧路),25.032917,102.701532
斗南村(鲜花大道),斗南村(鲜花大道),24.901361,102.781426
斗南(瑞香西街),斗南(瑞香西街),24.898277,102.783481
呈贡广场,呈贡广场,24.889579,102.797118
富康路口,富康路口,24.889913,102.804952
洛龙公园西,洛龙公园西,24.884735,102.815977
谊康北路口(春融街),谊康北路口(春融街),24.881914,102.819197
昆三中(春融街),昆三中(春融街),24.887413,102.83684
景明北路口(春融街),景明北路口(春融街),24.88898,102.841879
昆百大新都会(祥和街),昆百大新都会(祥和街),24.892079,102.846454
大新册村,大新册村,24.898095,102.841879
新册公交枢纽站,新册公交枢纽站,24.902075,102.842506
洛龙公园(祥和街),洛龙公园(祥和街),24.886576,102.818529
谊康北路,谊康北路,24.884991,102.82135
春融街口(谊康北路),春融街口(谊康北路),24.880638,102.822917
彩云南路口(朝云街),彩云南路口(朝云街),24.878702,102.825119
市政府(朝云街),市政府(朝云街),24.880825,102.83226
市委(朝云街),市委(朝云街),24.88227,102.83714
锦绣大街口(景明北路),锦绣大街口(景明北路),24.881254,102.84247
宝珠街口(景明北路),宝珠街口(景明北路),24.874301,102.844952
吴家营(景明北路),吴家营(景明北路),24.870022,102.846474
吴家营地铁站(景明北路),吴家营地铁站(景明北路),24.866549,102.847708
柏枝营(聚贤街),柏枝营(聚贤街),24.85997,102.860911
柏枝营(梁王路),柏枝营(梁王路),24.857179,102.864423
宁远路口(梁王路),宁远路口(梁王路),24.853446,102.865473
理工大学恬园,理工大学恬园,24.844536,102.863238
致远路口(万青路),致远路口(万青路),24.839405,102.861098
万青路口(云南白药街),万青路口(云南白药街),24.834696,102.862747
致远路口(兴园路),致远路口(兴园路),24.834549,102.856502
前卫营村(致远路),前卫营村(致远路),24.834631,102.853772
小营社区,小营社区,24.77829,102.834449
新丰路口(马澄路),新丰路口(马澄路),24.780026,102.824197
梁峰路口(马澄路),梁峰路口(马澄路),24.780968,102.817305
塔山路口(马澄路),塔山路口(马澄路),24.783533,102.808937
高新大道路口(马澄路),高新大道路口(马澄路),24.785055,102.803543
马澄路口(马金铺路),马澄路口(马金铺路),24.785786,102.796254
高登村,高登村,24.775291,102.789293
滇池星城小区(海湖路),滇池星城小区(海湖路),24.858003,102.795304
上可乐村口(驼峰街),上可乐村口(驼峰街),24.864175,102.801684
回回营(春融西路),回回营(春融西路),24.868902,102.82177
三铝路口(谊康北路),三铝路口(谊康北路),24.867882,102.826068
彩云南路口(三铝公路),彩云南路口(三铝公路),24.866736,102.829518
驼峰街口(彩云南路),驼峰街口(彩云南路),24.873841,102.829245
白龙潭B园1号门,白龙潭B园1号门,24.887205,102.851432
白龙潭B园3号门,白龙潭B园3号门,24.892513,102.851949
善书院(碧潭街),善书院(碧潭街),24.894779,102.848785
晴岚院(碧潭街),晴岚院(碧潭街),24.89612,102.843503
呈贡龙街,呈贡龙街,24.88579,102.80178
石碑村(兴呈路),石碑村(兴呈路),24.880183,102.802354
下可乐村口(兴呈路),下可乐村口(兴呈路),24.87521,102.804596
呈贡三岔口,呈贡三岔口,24.870408,102.80648
七步场,七步场,24.868559,102.810412
春融东路口(祥丰路),春融东路口(祥丰路),24.869197,102.839444
沐春园小区,沐春园小区,24.858294,102.842418
聚贤街口,聚贤街口,24.855252,102.840512
云岭路口(月华街),云岭路口(月华街),24.838442,102.845642
螺蛳湾公交枢纽站(商博街),螺蛳湾公交枢纽站(商博街),24.930742,102.777261
螺蛳湾商贸城东(商博街),螺蛳湾商贸城东(商博街),24.931163,102.778506
斗南路口,斗南路口,24.90168,102.793754
春融西路口(石龙路),春融西路口(石龙路),24.889969,102.814606
洛龙公园(石龙路),洛龙公园(石龙路),24.890972,102.817491
洛龙村(石龙路),洛龙村(石龙路),24.898212,102.826667
洛羊街道办(石龙路),洛羊街道办(石龙路),24.902474,102.833277
小新册村口,小新册村口,24.904577,102.835876
小新册村,小新册村,24.900711,102.839813
月华街,月华街,24.841536,102.850109
万青路,万青路,24.842188,102.856936
梁王路口(万青路),梁王路口(万青路),24.834301,102.864297
学苑路口(万青路),学苑路口(万青路),24.830699,102.866289
博大路口(万青路),博大路口(万青路),24.828142,102.868832
万溪冲村,万溪冲村,24.821788,102.875929
万溪冲公交首末站,万溪冲公交首末站,24.818815,102.88276
新册公交枢纽站(景明北路),新册公交枢纽站(景明北路),24.902799,102.843099
景明北路北段,景明北路北段,24.91069,102.84559
三家村(阳春大道),三家村(阳春大道),24.925386,102.899813
广南村(阳春大道),广南村(阳春大道),24.939922,102.913333
小哨箐,小哨箐,24.951697,102.912639
七甸工业园区(阳春大道),七甸工业园区(阳春大道),24.957122,102.917721
头甸村,头甸村,24.955408,102.933769
七甸乡政府(福昆线),七甸乡政府(福昆线),24.954809,102.946281
大哨村,大哨村,24.952332,102.964348
新发村,新发村,24.955378,102.97065
马郎,马郎,24.896081,102.937387
松茂村,松茂村,24.902413,102.928546
松子园小新村,松子园小新村,24.907114,102.9175
招呼站(鑫平汽修),招呼站(鑫平汽修),24.905668,102.914227
小松子园村,小松子园村,24.902504,102.910551
大松子园村,大松子园村,24.899891,102.903741
刘家营(三铝公路),刘家营(三铝公路),24.874423,102.885195
段家营,段家营,24.862721,102.874896
聚贤街(师范大学),聚贤街(师范大学),24.85635,102.848216
石城村,石城村,24.791966,102.776992
杜曲村,杜曲村,24.804284,102.774045
大海晏(环湖东路),大海晏(环湖东路),24.809132,102.773811
小河口村(古滇路),小河口村(古滇路),24.815859,102.785447
大渔村(古滇路),大渔村(古滇路),24.81898,102.789544
大渔村北(古滇路),大渔村北(古滇路),24.821766,102.792326
大渔乡(渔浦路),大渔乡(渔浦路),24.824692,102.793546
七星路口(渔浦路),七星路口(渔浦路),24.828073,102.78763
王家庄(环湖东路),王家庄(环湖东路),24.834818,102.777023
新村,新村,24.842218,102.780282
俪景路口(联大街),俪景路口(联大街),24.849527,102.798668
池畔街口(月虹路),池畔街口(月虹路),24.852587,102.801476
蓝瑰街口(月虹路),蓝瑰街口(月虹路),24.856194,102.800125
都林街口(月虹路),都林街口(月虹路),24.859371,102.798935
三岔口村(兴呈路),三岔口村(兴呈路),24.86651,102.806252
春漫大道,春漫大道,24.940816,102.848989
旭照路口(春漫大道),旭照路口(春漫大道),24.945838,102.844141
云景路中段,云景路中段,24.957444,102.836102
果林水库南,果林水库南,24.962601,102.841713
经开路口(昌宏路),经开路口(昌宏路),24.996059,102.776665
土桥村(关雨路),土桥村(关雨路),24.996449,102.762657
麻园2(滇缅大道),麻园2(滇缅大道),25.057031,102.678468
广宁路口(西园路),广宁路口(西园路),25.029106,102.684666
清水河村(沣源路口),清水河村(沣源路口),25.095964,102.766655
野生动物园路口,野生动物园路口,25.097899,102.770373
云南野生动物园,云南野生动物园,25.099062,102.773355
自卫村(西三环),自卫村(西三环),25.095318,102.644829
玉峰路口(陈家营路),玉峰路口(陈家营路),25.0977,102.648682
康明路口(陈家营路),康明路口(陈家营路),25.094839,102.654419
金川路口(陈家营路),金川路口(陈家营路),25.093884,102.657509
沙河路口(陈家营路),沙河路口(陈家营路),25.09292,102.661339
陈家营路口(小屯路),陈家营路口(小屯路),25.091076,102.665459
王筇路口(小屯路),王筇路口(小屯路),25.085379,102.668053
大塘路口(小屯路),大塘路口(小屯路),25.080824,102.670097
中坝路口(小屯路),中坝路口(小屯路),25.076019,102.671181
二环北路口(小屯路),二环北路口(小屯路),25.073534,102.670975
司家营地铁站,司家营地铁站,25.109197,102.745143
北京路口(司家营街),北京路口(司家营街),25.107413,102.745365
司家营街,司家营街,25.105781,102.750247
司家营街中段,司家营街中段,25.104883,102.752956
通源路口(司家营街),通源路口(司家营街),25.103781,102.756226
司家营街口(严家山路),司家营街口(严家山路),25.101441,102.758368
苏家塘路,苏家塘路,25.061741,102.69133
秀苑路口(昆州路),秀苑路口(昆州路),25.041889,102.666016
彩云北路口(关通路),彩云北路口(关通路),25.01685,102.754143
大渔公园,大渔公园,24.825421,102.802339
渔舟路,渔舟路,24.823976,102.7998
太平关东,太平关东,24.82579,102.797813
太平关,太平关,24.828928,102.794323
松花铺,松花铺,24.837452,102.796671
松花铺北,松花铺北,24.844809,102.800888
滇池星城南(三太线),滇池星城南(三太线),24.847616,102.803635
滇池星城小区东,滇池星城小区东,24.851723,102.80599
呈贡体训基地西,呈贡体训基地西,24.854523,102.805695
祥丰街口(三太线),祥丰街口(三太线),24.858359,102.805499
上可乐村(三太线),上可乐村(三太线),24.862721,102.805386
小王家营村,小王家营村,24.909861,102.793038
东盟森林北区,东盟森林北区,24.909206,102.800408
呈荣大道口,呈荣大道口,24.909206,102.801884
东盟森林小区,东盟森林小区,24.906076,102.805692
龙辉路口(玉缘路),龙辉路口(玉缘路),24.965273,102.793134
义路村口(玉缘路),义路村口(玉缘路),24.965026,102.789631
玉缘路地铁站,玉缘路地铁站,24.965191,102.787014
羊甫村西,羊甫村西,24.969705,102.783689
大羊甫西,大羊甫西,24.971033,102.781067
昆洛路口(云秀路),昆洛路口(云秀路),24.969562,102.777491
广居路口(子泰路),广居路口(子泰路),24.959549,102.780321
昆洛路口(君安路),昆洛路口(君安路),24.959572,102.78157
宝象河东路口(季宏路),宝象河东路口(季宏路),24.946931,102.753637
季宏路口(古渡口路),季宏路口(古渡口路),24.945647,102.755916
昌宏路口(彩云北路),昌宏路口(彩云北路),24.990035,102.766836
金星地铁站B口,金星地铁站B口,25.075747,102.726606
金星立交桥西口(颐华路),金星立交桥西口(颐华路),25.075118,102.721837
石闸立交桥(二环东路),石闸立交桥(二环东路),25.051453,102.74424
昙华寺(二环东路),昙华寺(二环东路),25.045829,102.744431
金马立交桥北口(二环东路),金马立交桥北口(二环东路),25.038238,102.744748
龙马村(珥季路),龙马村(珥季路),24.940638,102.727135
龙马村东(珥季路),龙马村东(珥季路),24.94306,102.730365
中航城(珥季路),中航城(珥季路),24.945513,102.733673
中营(珥季路),中营(珥季路),24.949097,102.738464
后所村(珥季路),后所村(珥季路),24.952557,102.743073
季官村(珥季路),季官村(珥季路),24.955343,102.746793
大赵家村(金湖路),大赵家村(金湖路),24.961151,102.699852
幸福邻里小区,幸福邻里小区,25.01083,102.785965
羊方凹,羊方凹,25.018038,102.785965
华苑路口(昆州路),华苑路口(昆州路),25.041502,102.647539
相益巷口(昆州路),相益巷口(昆州路),25.034672,102.667175
土堆村,土堆村,25.032921,102.670217
秀河路,秀河路,24.951076,102.746732
季官路,季官路,24.953487,102.749217
广福路口(星耀路),广福路口(星耀路),24.950264,102.762169
星耀路,星耀路,24.953064,102.766106
彩云北路口(广和路),彩云北路口(广和路),24.955473,102.769402
子君路口(广和路),子君路口(广和路),24.957812,102.772687
安和路口(广和路),安和路口(广和路),24.960221,102.775981
广居路口(子泰路)(源益便利店),广居路口(子泰路)(源益便利店),24.959839,102.779041
义路村口(玉缘路)(紫馨书屋),义路村口(玉缘路)(紫馨书屋),24.965004,102.791272
玉缘路口(顺通大道),玉缘路口(顺通大道),24.966063,102.795699
商汇路口(希望路),商汇路口(希望路),24.98362,102.711819
前程路口(希望路),前程路口(希望路),24.988543,102.712486
佳湖花园(希望路),佳湖花园(希望路),24.998103,102.712231
日新东路口(希望路),日新东路口(希望路),24.999945,102.712234
永昌小区(云兴路),永昌小区(云兴路),25.017027,102.706102
环城南路口(华昌路),环城南路口(华昌路),25.021763,102.704826
新河村,新河村,24.991037,102.655182
捞鱼河公园,捞鱼河公园,24.82329,102.772305
罗家村,罗家村,24.817426,102.772161
渔浦路口(古滇路),渔浦路口(古滇路),24.825208,102.794948
滇韵路口(欣城路),滇韵路口(欣城路),24.828003,102.797895
园宝村(云南白药街),园宝村(云南白药街),24.818498,102.816016
云南白药街,云南白药街,24.821649,102.824575
陈家营路口(金川路),陈家营路口(金川路),25.094865,102.65671
云南省阜外医院(沙河北路),云南省阜外医院(沙河北路),25.098212,102.658368
沙河北路口(沙河路),沙河北路口(沙河路),25.096827,102.660404
五华科技产业园(沙河路),五华科技产业园(沙河路),25.092274,102.660221
王筇路口(科普路),王筇路口(科普路),25.086975,102.661632
大塘路口(科普路),大塘路口(科普路),25.081849,102.660955
海屯路口(科新路),海屯路口(科新路),25.077522,102.658663
小屯路口(陈家营路),小屯路口(陈家营路),25.091249,102.668243
西北部公交枢纽站(小屯路),西北部公交枢纽站(小屯路),25.092865,102.665428
普吉家园(小屯路),普吉家园(小屯路),25.09606,102.66539
沙河路口(沙河北路),沙河路口(沙河北路),25.09753,102.661835
昌源南路,昌源南路,25.043394,102.654793
科新路口(昌源北路),科新路口(昌源北路),25.067891,102.655707
科园路口(科新路),科园路口(科新路),25.069582,102.654701
科高路口(科开路),科高路口(科开路),25.078489,102.654686
海屯路口(沙河路),海屯路口(沙河路),25.081263,102.656113
大塘路口(沙河路),大塘路口(沙河路),25.085226,102.658234
王筇路口(沙河路),王筇路口(沙河路),25.08984,102.660065
长水国际机场(航站楼B1层),长水国际机场(航站楼B1层),25.095581,102.928226
悦航酒店,悦航酒店,25.092383,102.92072
空港航食站,空港航食站,25.091888,102.918702
地铁前站,地铁前站,25.085347,102.91418
南工作区,南工作区,25.082526,102.91826
地勤楼站,地勤楼站,25.083394,102.922049
长水航城小区(新320国道),长水航城小区(新320国道),25.075095,102.935195
长水航城小区西,长水航城小区西,25.06651,102.927578
凉亭(东三环),凉亭(东三环),25.023164,102.775929
归十路口(1号路),归十路口(1号路),25.032474,102.780486
虹桥立交桥东,虹桥立交桥东,25.03543,102.781328
车行天下汽车城南,车行天下汽车城南,25.040868,102.800456
车行天下汽车城北,车行天下汽车城北,25.045642,102.799883
官渡监狱,官渡监狱,25.056133,102.891327
园艺场,园艺场,25.059414,102.899582
第五戒毒所,第五戒毒所,25.063598,102.903025
女子戒毒所,女子戒毒所,25.067639,102.910495
机场工作区南门,机场工作区南门,25.071068,102.918012
王家桥,王家桥,25.083311,102.67189
沙坝营,沙坝营,25.102352,102.720711
红园路西口,红园路西口,25.10704,102.724091
和谐世纪,和谐世纪,25.105127,102.729095
小康大道,小康大道,25.104271,102.733978
北京路口,北京路口,25.114853,102.750816
昆明市地方海事局(西三环),昆明市地方海事局(西三环),25.010483,102.667542
草海隧道西口,草海隧道西口,25.028286,102.653446
七公里(招呼站),七公里(招呼站),25.043967,102.643663
昆明南站,昆明南站,24.871904,102.863845
昆明南站西广场,昆明南站西广场,24.868429,102.856995
滇池星城小区(老干部活动中心),滇池星城小区(老干部活动中心),24.862439,102.79645
春融街地铁站,春融街地铁站,24.885099,102.825203
三农场,三农场,25.052427,102.791321
青龙村,青龙村,25.048552,102.796593
官渡古镇,官渡古镇,24.953763,102.752474
昆州路口,昆州路口,25.039185,102.647675
皇冠假日酒店,皇冠假日酒店,24.765638,102.73539
欢乐世界,欢乐世界,24.76815,102.743744
古滇温泉,古滇温泉,24.769252,102.756073
马鞍山北,马鞍山北,24.770079,102.760284
古滇博物馆,古滇博物馆,24.963438,102.796675
白云路口,白云路口,25.066462,102.724106
塘子巷(拓东路),塘子巷(拓东路),25.033416,102.718082
云南体育学院,云南体育学院,24.966029,102.679657
昆明学院,昆明学院,24.965655,102.684084
滇池度假区实验学校,滇池度假区实验学校,24.967131,102.684494
万达大道,万达大道,24.970877,102.680237
小板桥(珥季路),小板桥(珥季路),24.973247,102.770664
昆明市机动车管理所,昆明市机动车管理所,24.993607,102.781311
金光大道物流城,金光大道物流城,24.991589,102.783928
昆石高速公路管理处,昆石高速公路管理处,24.984453,102.787483
昆船南门,昆船南门,24.987166,102.79576
公家村(石安公路),公家村(石安公路),24.9828,102.829185
小石坝收费站,小石坝收费站,24.978447,102.835739
七彩云南,七彩云南,24.97855,102.848732
水海子,水海子,24.976988,102.856522
X东紫郡,X东紫郡,24.968876,102.869058
洛阳黄土坡招呼站,洛阳黄土坡招呼站,24.964895,102.878838
洛羊黄土坡,洛羊黄土坡,24.962618,102.884529
呈贡工业园,呈贡工业园,24.953585,102.913162
嘉华食品厂,嘉华食品厂,24.957052,102.917587
呈贡管委会,呈贡管委会,24.96055,102.92321
七甸乡政府,七甸乡政府,24.954857,102.945938
时代风华小区,时代风华小区,24.986233,102.720521
银海森林小区,银海森林小区,25.001024,102.725624
耀兴枫丹白露公园,耀兴枫丹白露公园,24.988199,102.813498
白龙路(理工大学新迎区),白龙路(理工大学新迎区),25.048981,102.732018
新广丰食品批发市场,新广丰食品批发市场,24.98789,102.775726
顺通大道,顺通大道,24.965382,102.796944
经景路口(云内动力北),经景路口(云内动力北),24.958082,102.795364
昌宏西路地铁站,昌宏西路地铁站,24.985386,102.749774
三家村东(昌宏西路),三家村东(昌宏西路),24.982323,102.746902
三家村(昌宏西路),三家村(昌宏西路),24.979111,102.744209
王家村(昌宏西路),王家村(昌宏西路),24.975603,102.741393
海宝岔口,海宝岔口,24.92941,102.725126
新农村,新农村,25.01247,102.777127
三农场(金瓦路),三农场(金瓦路),25.052435,102.791306
沙朗白族街,沙朗白族街,25.162144,102.655291
沙朗乡,沙朗乡,25.161923,102.662266
大麦塘村,大麦塘村,25.149887,102.669779
大普吉村(普吉路),大普吉村(普吉路),25.107413,102.666753
水节箐新村,水节箐新村,25.113837,102.671228
西北沙河,西北沙河,25.117062,102.676406
沙靠村南口,沙靠村南口,25.126645,102.682352
沙靠村,沙靠村,25.13168,102.683641
河外村,河外村,25.136814,102.68559
甸头村,甸头村,25.144327,102.688051
红泥凹,红泥凹,25.149983,102.691749
桃园农贸市场,桃园农贸市场,25.15332,102.691411
桃园大村小河边,桃园大村小河边,25.154757,102.691558
桃园大村,桃园大村,25.156489,102.691089
桃园小村新村,桃园小村新村,25.159813,102.690299
桃园小村,桃园小村,25.163134,102.688937
春融街口(春融东路),春融街口(春融东路),24.887665,102.834232
祥和街口(春融东路),祥和街口(春融东路),24.891832,102.832741
小新册村(石龙路),小新册村(石龙路),24.904978,102.834587
石龙路口(大梨园路),石龙路口(大梨园路),24.91309,102.837765
大梨园路口(小梨园路),大梨园路口(小梨园路),24.913598,102.840664
龙湖路口(小梨园路),龙湖路口(小梨园路),24.916207,102.840109
金山路口(石龙路),金山路口(石龙路),24.919115,102.837582
王家营(石龙路),王家营(石龙路),24.922508,102.838371
呈贡三中,呈贡三中,24.92668,102.831909
王家营西站,王家营西站,24.927261,102.827231
张溪营南,张溪营南,24.927365,102.820122
小洛羊东,小洛羊东,24.926302,102.814549
小洛羊西,小洛羊西,24.926758,102.809666
碓臼村南,碓臼村南,24.924653,102.806515
大洛羊,大洛羊,24.916454,102.805139
上可乐村,上可乐村,24.8624,102.806128
呈贡体训基地东,呈贡体训基地东,24.858859,102.811289
学海路北段,学海路北段,24.851541,102.822166
中医学院西门,中医学院西门,24.838138,102.820521
雨花村,雨花村,24.832865,102.817617
园宝村(雨花路),园宝村(雨花路),24.824171,102.818424
大梨园,大梨园,24.815174,102.821754
博大路口(雨花路),博大路口(雨花路),24.810782,102.823935
高新大道,高新大道,24.804453,102.810699
高家庄,高家庄,24.794497,102.803811
贝丘街口(高新大道),贝丘街口(高新大道),24.789987,102.803928
化城北口,化城北口,24.78592,102.804076
化城南口,化城南口,24.78375,102.804171
塔山路口(生物谷街),塔山路口(生物谷街),24.775673,102.808529
梅子村口,梅子村口,24.890977,102.789089
梅子社区,梅子社区,24.893624,102.787943
梅子村北,梅子村北,24.895187,102.786497
古滇路口(金桂街),古滇路口(金桂街),24.897435,102.783116
斗南3号站,斗南3号站,24.8952,102.780087
斗南2号站,斗南2号站,24.894696,102.775664
斗南1号站,斗南1号站,24.897512,102.773087
练朋尾村,练朋尾村,24.90415,102.787552
丹霞路西口,丹霞路西口,25.033203,102.673481
龙庆贰村,龙庆贰村,25.180195,102.592896
独秧田,独秧田,25.17128,102.605095
龙庆头村,龙庆头村,25.162668,102.612587
李子坪,李子坪,25.157335,102.621536
观音洞,观音洞,25.141258,102.638634
机修连,机修连,25.135912,102.639961
陡坡村,陡坡村,25.128815,102.640152
普吉收费站,普吉收费站,25.110405,102.650764
昆禄路口,昆禄路口,25.110073,102.66201
普吉路口,普吉路口,25.066889,102.673668
长坡二村,长坡二村,24.964149,102.59317
长坡村委会,长坡村委会,24.967245,102.593094
下华哨,下华哨,24.974822,102.599983
防腐厂,防腐厂,24.975482,102.600213
螺蛳湾二期车场西,螺蛳湾二期车场西,24.943633,102.775686
螺蛳湾商贸城东,螺蛳湾商贸城东,24.931146,102.778464
官南立交桥南口,官南立交桥南口,25.012014,102.719704
云秀路口,云秀路口,24.960339,102.767601
林溪路口(春漫大道),林溪路口(春漫大道),24.94924,102.833046
秋景路口(林溪路),秋景路口(林溪路),24.940165,102.828835
倪家营(林溪路),倪家营(林溪路),24.935525,102.822743
张溪营,张溪营,24.931662,102.816424
望朔村,望朔村,24.931363,102.808633
碓臼村,碓臼村,24.929167,102.805343
跑马山中段,跑马山中段,24.933464,102.800009
跑马山岔路口,跑马山岔路口,24.939983,102.791975
厂口乡政府,厂口乡政府,25.253872,102.676926
厂啊公路岔口,厂啊公路岔口,25.245422,102.666695
庄子,庄子,25.243725,102.668861
青龙水库,青龙水库,25.240177,102.674263
半路街,半路街,25.212267,102.668869
红水塘,红水塘,25.201914,102.666817
河底村,河底村,25.170309,102.661606
招呼站(田苑生态餐厅),招呼站(田苑生态餐厅),25.161922,102.659424
大普吉村,大普吉村,25.107396,102.666758
公交西部修理公司,公交西部修理公司,25.094467,102.670731
海源中路口,海源中路口,25.063885,102.66114
假日城市小区,假日城市小区,25.062208,102.6576
科光路口,科光路口,25.05418,102.656357
美丽新世界小区,美丽新世界小区,25.050838,102.655754
昆阳(城北公交枢纽),昆阳(城北公交枢纽),24.675032,102.595474
兴隆村,兴隆村,24.687065,102.591942
大河街,大河街,24.70977,102.590958
古城,古城,24.733789,102.589653
旧寨村南,旧寨村南,24.73875,102.590698
旧寨村,旧寨村,24.74198,102.590225
旧寨村北,旧寨村北,24.748846,102.592239
爬齿山,爬齿山,24.752535,102.601753
芦柴湾,芦柴湾,24.770178,102.595779
典赤路口,典赤路口,24.785439,102.586754
典赤路,典赤路,24.783884,102.592438
海口车场,海口车场,24.781918,102.601768
海口,海口,24.782801,102.604965
海口(农村信用社),海口(农村信用社),24.784666,102.607216
瓦恭居委会,瓦恭居委会,25.287296,102.605308
草鞋田,草鞋田,25.28875,102.6224
白水塘岔口,白水塘岔口,25.292057,102.643108
观音寺,观音寺,25.07869,102.673843
陡普鲁居委会,陡普鲁居委会,25.260095,102.700655
厂阿公路岔口,厂阿公路岔口,25.24967,102.678129
厂口街,厂口街,25.245395,102.666706
大罗家营村,大罗家营村,24.901489,102.766345
小罗家营村,小罗家营村,24.902449,102.7631
王官村,王官村,24.906902,102.759369
矣六村南,矣六村南,24.908772,102.762985
矣六村中,矣六村中,24.910973,102.764824
矣六村,矣六村,24.914518,102.764457
小新村西,小新村西,24.918173,102.765228
海口镇,海口镇,24.784399,102.607619
大渔路地铁站,大渔路地铁站,25.028524,102.636202
益宁路口,益宁路口,25.035946,102.639232
七公里,七公里,25.044054,102.643741
梁家河车场,梁家河车场,25.045516,102.676806
团结乡,团结乡,25.089483,102.52286
小厂村,小厂村,25.070894,102.566391
茨沟,茨沟,25.073215,102.578255
希望小学,希望小学,25.075159,102.581612
小墨雨,小墨雨,25.080447,102.589449
十八培训站,十八培训站,25.08049,102.591003
过磅房,过磅房,25.078342,102.612378
郊野公园,郊野公园,25.068502,102.617973
筇竹寺,筇竹寺,25.065838,102.625313
黑林铺,黑林铺,25.062204,102.650452
团结镇镇政府,团结镇镇政府,25.07007,102.539772
三岔口,三岔口,25.068312,102.550652
团结镇和平村,团结镇和平村,25.069519,102.559944
茨勾,茨勾,25.073446,102.579376
墨雨,墨雨,25.076935,102.583397
大墨雨,大墨雨,25.079418,102.585953
过磅房岔口,过磅房岔口,25.081072,102.608337
玉案山,玉案山,25.066259,102.630203
昆瑞路,昆瑞路,25.058811,102.648628
昭宗路口昆瑞路,昭宗路口昆瑞路,25.053268,102.647202
眠山,眠山,25.046567,102.646194
金川路口,金川路口,25.081861,102.652397
团结镇白族园,团结镇白族园,25.089289,102.522995
豹子菁,豹子菁,25.087343,102.519669
千亩梨园路口,千亩梨园路口,25.080452,102.528786
团结镇政府,团结镇政府,25.073498,102.535088
小村果园,小村果园,25.070833,102.534851
小村,小村,25.067577,102.534691
滑草场,滑草场,25.067074,102.5392
龙潭,龙潭,25.067583,102.54467
和平村,和平村,25.069574,102.542175
农贸市场,农贸市场,25.075716,102.535347
大河果园,大河果园,25.082926,102.531616
茭菱路口,茭菱路口,25.048334,102.675087
张家村,张家村,25.039518,102.654785
昆明电缆厂生活区,昆明电缆厂生活区,25.027127,102.632405
昆明站,昆明站,25.018832,102.719961
双福路口,双福路口,25.009978,102.740621
彩云北路口,彩云北路口,25.016901,102.754175
牛街庄(贵昆路),牛街庄(贵昆路),25.005451,102.778889
普照村,普照村,24.991875,102.805126
白水塘中村,白水塘中村,24.992374,102.84849
白水塘,白水塘,24.992643,102.854609
清水沟,清水沟,24.999258,102.859857
山水驾校,山水驾校,25.005091,102.864453
海子新村,海子新村,25.0058,102.870027
金马村,金马村,25.032295,102.854233
水库,水库,25.019596,102.842484
双拥,双拥,25.012413,102.836388
昌宏路口,昌宏路口,25.004488,102.782808
牛街庄村,牛街庄村,25.007431,102.773239
朱家村,朱家村,25.014513,102.764526
关上车场(黑土凹),关上车场(黑土凹),25.024504,102.746353
新型建筑材料厂,新型建筑材料厂,25.104974,102.670543
西山区政府,西山区政府,25.036936,102.66317
马街村,马街村,25.022665,102.632522
马鞍山,马鞍山,24.9519,102.628662
猫猫箐村,猫猫箐村,24.932218,102.625139
赤松坪,赤松坪,24.919128,102.619683
南部汽车站,南部汽车站,24.928743,102.775501
昆明火车站,昆明火车站,25.018789,102.719783
东部客运站,东部客运站,25.037209,102.78928
西部客运站(下客处),西部客运站(下客处),25.035582,102.64102
北部客运站(下客处),北部客运站(下客处),25.108205,102.761733
广福路口,广福路口,24.939258,102.771554
洛龙公园(彩云北路),洛龙公园(彩云北路),24.892869,102.82194
市政府,市政府,24.879952,102.83171
政务服务中心,政务服务中心,24.877118,102.836445
大学城地铁站A口,大学城地铁站A口,24.836502,102.842005
颐明园,颐明园,24.823433,102.827235
渔浦路口,渔浦路口,24.82423,102.796585
捞鱼河公园(西),捞鱼河公园(西),24.82336,102.772331
罗家村(西),罗家村(西),24.817427,102.772163
滇韵路口(渔浦路),滇韵路口(渔浦路),24.82378,102.794838
长风路口(渔博路),长风路口(渔博路),24.814568,102.816711
博欣路东口,博欣路东口,24.811289,102.820686
大学城地铁站D口,大学城地铁站D口,24.820595,102.826263
云南开放大学,云南开放大学,24.818034,102.831476
云南大学南门,云南大学南门,24.822062,102.854049
学苑路口,学苑路口,24.831995,102.865402
联大街,联大街,24.863789,102.847672
景明北路口(宝珠街),景明北路口(宝珠街),24.872499,102.844109
东胤城乡公交羊桃箐车场,东胤城乡公交羊桃箐车场,25.070231,102.947649
航城过渡农贸市场,航城过渡农贸市场,25.072575,102.941469
长水航城小区,长水航城小区,25.071102,102.937439
乾海子(新320国道),乾海子(新320国道),25.067569,102.9224
园艺场(新320国道),园艺场(新320国道),25.061193,102.91259
沙沟村东(新320国道),沙沟村东(新320国道),25.050308,102.901962
大自然集团,大自然集团,25.051262,102.895828
工业园西,工业园西,25.047934,102.888672
文博路口,文博路口,25.038503,102.864206
海子村(新320国道),海子村(新320国道),25.019401,102.842322
昆船大道路口,昆船大道路口,24.996275,102.79776
昆岭路口,昆岭路口,24.987909,102.775772
子君村,子君村,24.94651,102.778534
新螺蛳湾公交枢纽站(商博街),新螺蛳湾公交枢纽站(商博街),24.930782,102.777023
云桥村,云桥村,25.138251,103.004184
长水新村,长水新村,25.135187,103.002036
中宁街,中宁街,25.134991,102.994696
滇中新区中关村电子城,滇中新区中关村电子城,25.122431,102.983585
百世快递物流园,百世快递物流园,25.11622,102.979371
德邦快递普洛斯物流园,德邦快递普洛斯物流园,25.109666,102.972648
远泽物流园(阿里巴巴),远泽物流园(阿里巴巴),25.105586,102.96924
张家坡村西口,张家坡村西口,25.094236,102.961931
竹凤路西口,竹凤路西口,25.078424,102.944258
万翔街西口,万翔街西口,25.076788,102.941393
园艺农场,园艺农场,25.058585,102.898485
开发区路口,开发区路口,25.047379,102.885216
金马后村,金马后村,25.034544,102.847873
小高坡村,小高坡村,25.033672,102.841688
大高坡村,大高坡村,25.024158,102.838668
三瓦村,三瓦村,25.021085,102.837574
神农饲料厂,神农饲料厂,25.013759,102.835855
国家粮食四库,国家粮食四库,25.021163,102.830751
黄龙山饲料厂,黄龙山饲料厂,25.026185,102.825482
武警二支队,武警二支队,25.027591,102.82388
两面寺,两面寺,25.033453,102.813599
东部客运站公交站,东部客运站公交站,25.038754,102.788307
呼马山(招呼站),呼马山(招呼站),25.053659,102.767066
东三环(长地埂村),东三环(长地埂村),25.058047,102.76503
东三环,东三环,25.063338,102.764102
清水河村,清水河村,25.095951,102.766654
昆曲岔口(丰源路),昆曲岔口(丰源路),25.102964,102.765482
归十路口,归十路口,25.031319,102.780434
小板桥,小板桥,24.975321,102.773025
螺蛳湾二期,螺蛳湾二期,24.941966,102.779657
螺蛳湾商贸城一期,螺蛳湾商贸城一期,24.930955,102.77773
新亚洲体育城(广福路),新亚洲体育城(广福路),24.942687,102.76306
滇缅大道路口(科新路),滇缅大道路口(科新路),25.065707,102.65253
昌源北路口(科新路),昌源北路口(科新路),25.067687,102.653555
螺蛳湾公交枢纽站(西行),螺蛳湾公交枢纽站(西行),24.930964,102.77776
螺蛳湾公交枢纽站(东行),螺蛳湾公交枢纽站(东行),24.930742,102.777266
新螺蛳湾二区,新螺蛳湾二区,24.943503,102.780104
滇池度假区管委会,滇池度假区管委会,24.98172,102.66674
虹桥立交桥东口,虹桥立交桥东口,25.035803,102.781181
大都购物中心,大都购物中心,24.971724,102.766685
新螺蛳湾国际商贸城二期,新螺蛳湾国际商贸城二期,24.941923,102.779618
新螺蛳湾公交枢纽站,新螺蛳湾公交枢纽站,24.930943,102.777679
玉案山路中段,玉案山路中段,25.070078,102.630173
云感寺,云感寺,25.066284,102.630157
玉案山岔路口,玉案山岔路口,25.062908,102.63755
黑筇段路口,黑筇段路口,25.06566,102.642494
海源寺,海源寺,25.074617,102.640808
海源北路,海源北路,25.079306,102.642342
商院路口,商院路口,25.077049,102.647392
科开路口,科开路口,25.075603,102.650627
科新路口,科新路口,25.073633,102.65509
科泰路口(海源北路),科泰路口(海源北路),25.067743,102.662033
朝云街口(谊康北路),朝云街口(谊康北路),24.876858,102.824959
地铁站C口,地铁站C口,24.883125,102.825935
祥丰路口(春融东路),祥丰路口(春融东路),24.8703,102.840195
春融东路(师大西门),春融东路(师大西门),24.857323,102.844757
理工大学(景明南路),理工大学(景明南路),24.850044,102.851944
白龙潭紫岫苑,白龙潭紫岫苑,24.893164,102.842087
昆百大新都会(春融街),昆百大新都会(春融街),24.890461,102.845779
联大街地铁站(彩云南路),联大街地铁站(彩云南路),24.858273,102.834229
聚贤街西段,聚贤街西段,24.850651,102.828926
医科大学北门,医科大学北门,24.847921,102.82814
雨花路(医科大学),雨花路(医科大学),24.841398,102.828804
雨花路(中医学院),雨花路(中医学院),24.838486,102.826279
雨花路(艺术学院),雨花路(艺术学院),24.834335,102.82267
泉林雅居小区西,泉林雅居小区西,25.080577,102.693568
泉林雅居小区,泉林雅居小区,25.083507,102.694557
东三环路口(寺瓦路),东三环路口(寺瓦路),25.049028,102.773316
小河埂(海源南路),小河埂(海源南路),25.028559,102.661645
博欣路口(渔博路),博欣路口(渔博路),24.811189,102.818381
化古城村(尚德街),化古城村(尚德街),24.777622,102.807274
宝海路口(国贸路),宝海路口(国贸路),25.010087,102.735786
滇缅大道路口,滇缅大道路口,25.064414,102.657031
云霞路口(民旺路),云霞路口(民旺路),24.945715,102.831673
康惠馨苑,康惠馨苑,24.956015,102.874924
太平村(虹桥路),太平村(虹桥路),25.035729,102.758407
春融街地铁站C口,春融街地铁站C口,24.882808,102.826042
大学城地铁站a口,大学城地铁站a口,24.836603,102.841972
雨花路口(长风路),雨花路口(长风路),24.816289,102.81987
渔博路口(博欣路),渔博路口(博欣路),24.809844,102.816914
华光路口(博欣路),华光路口(博欣路),24.80849,102.813563
博欣路西口,博欣路西口,24.806328,102.809119
大梨园路口(石龙路),大梨园路口(石龙路),24.912591,102.835894
会展东路口(会展西路),会展东路口(会展西路),24.95204,102.709809
会展西路口(巫家坝路),会展西路口(巫家坝路),24.95523,102.717196
永胜村(巫家坝路),永胜村(巫家坝路),24.959753,102.720329
广福路口(昌宏西路),广福路口(昌宏西路),24.96878,102.736658
昌宏西路中段,昌宏西路中段,24.966406,102.735035
宝象河昌宏西路,宝象河昌宏西路,24.961276,102.731762
后沟河桥,后沟河桥,24.958954,102.73036
昌宏西路罗衙立交,昌宏西路罗衙立交,24.950247,102.724544
李家村(昌宏西路),李家村(昌宏西路),24.946198,102.720872
五甲塘湿地公园,五甲塘湿地公园,24.942973,102.717964
海埂公园东门,海埂公园东门,24.959522,102.675106
斗南(金桂街),斗南(金桂街),24.897635,102.783394
斗南村(金桂街),斗南村(金桂街),24.893971,102.778464
回龙村(环湖东路),回龙村(环湖东路),24.909414,102.748338
海东湿地公园,海东湿地公园,24.925999,102.728622
宝丰湿地公园,宝丰湿地公园,24.929983,102.723145
大河口,大河口,24.832235,102.775993
乌龙村口(环湖东路),乌龙村口(环湖东路),24.856384,102.7938
斗南街口(环湖东路),斗南街口(环湖东路),24.893473,102.775558
滇池国际会展中心(环湖东路),滇池国际会展中心(环湖东路),24.940816,102.704232
斗南花市东,斗南花市东,24.903051,102.790504
兴呈路口(鲜花大道),兴呈路口(鲜花大道),24.90527,102.791313
彩云南路口,彩云南路口,24.853294,102.838416
联大街(师大北门),联大街(师大北门),24.863312,102.846786
下可乐村口(呈祥街),下可乐村口(呈祥街),24.877057,102.805872
呈祥街,呈祥街,24.878789,102.81115
朝云街口(春融西路),朝云街口(春融西路),24.879492,102.817821
春融西路口(朝云街),春融西路口(朝云街),24.877591,102.821324
景明北路口(祥园街),景明北路口(祥园街),24.868681,102.848655
祥和路口(祥园街),祥和路口(祥园街),24.869427,102.851006
宜和路地铁站,宜和路地铁站,24.884209,102.843735
白龙潭浣园1号门,白龙潭浣园1号门,24.885324,102.844666
白龙潭浣园2号门,白龙潭浣园2号门,24.888699,102.843781
昆百大新都会(宜和路),昆百大新都会(宜和路),24.891588,102.844841
白龙潭善书院西门,白龙潭善书院西门,24.894484,102.845901
白龙潭晴岚院(碧潭街),白龙潭晴岚院(碧潭街),24.89612,102.843506
小新册村口(石龙路),小新册村口(石龙路),24.905009,102.834604
云南开放大学东门,云南开放大学东门,24.821306,102.833824
关山环路(云大西一门),关山环路(云大西一门),24.819701,102.845751
关山环路(云大西二门),关山环路(云大西二门),24.824371,102.842331
下庄村(月华街),下庄村(月华街),24.833654,102.835205
雨花路口(月华街),雨花路口(月华街),24.8349,102.824425
雨花路,雨花路,24.838003,102.826004
柏枝营(致远路),柏枝营(致远路),24.858737,102.859271
理工大学憬园,理工大学憬园,24.848707,102.862144
万青路口(致远路),万青路口(致远路),24.839466,102.859848
尚德街口(生物谷街),尚德街口(生物谷街),24.775673,102.808485
梁峰路口(生物谷街),梁峰路口(生物谷街),24.775951,102.817964
高新区管委会(马金铺),高新区管委会(马金铺),24.776046,102.822339
古滇温泉(招呼站),古滇温泉(招呼站),24.769154,102.756029
石城村(招呼站),石城村(招呼站),24.79092,102.777474
眠山(春雨路),眠山(春雨路),25.048876,102.646814
左所村,左所村,24.75299,102.771345
左所村口,左所村口,24.752622,102.775595
中卫村,中卫村,24.756402,102.777912
左卫村(兴业街),左卫村(兴业街),24.764553,102.783707
林塘社区,林塘社区,24.759397,102.803806
林塘村,林塘村,24.769188,102.804818
塔山路口(高登街),塔山路口(高登街),24.771176,102.809444
化古城村南,化古城村南,24.778255,102.806571
化城社区,化城社区,24.791229,102.808815
魁星街口(塔山路),魁星街口(塔山路),24.78583,102.810074
梁峰路口(魁星街),梁峰路口(魁星街),24.784626,102.816216
文兴路口(魁星街),文兴路口(魁星街),24.784708,102.820045
文兴路88号,文兴路88号,24.782555,102.824043
生物谷街口(新丰路),生物谷街口(新丰路),24.776936,102.825211
环兴街口(新丰路),环兴街口(新丰路),24.773863,102.82354
环兴街口(杏果路),环兴街口(杏果路),24.772551,102.81942
梁峰路口(高登街),梁峰路口(高登街),24.771424,102.815807
灯盏花街口(尚德街),灯盏花街口(尚德街),24.773077,102.807411
大板桥工业园(新320国道),大板桥工业园(新320国道),25.044964,102.89328
红沙坡(新320国道),红沙坡(新320国道),25.046425,102.896706
沙沟村(新320国道),沙沟村(新320国道),25.049185,102.900963
长水航城小区(招呼站),长水航城小区(招呼站),25.071398,102.938602
张家坡南(新320国道),张家坡南(新320国道),25.088289,102.95182
滇中智能制造产业园,滇中智能制造产业园,25.121875,102.978919
云瑞路口(云水路),云瑞路口(云水路),25.116319,102.98957
津桥学院,津桥学院,25.123815,102.997053
地铁机场前站,地铁机场前站,25.084931,102.91395
海子村水库,海子村水库,25.01964,102.843811
海子村,海子村,25.015192,102.850899
旧村,旧村,25.006484,102.855682
果林水库北,果林水库北,24.978346,102.848507
拓翔路口(昆石路),拓翔路口(昆石路),24.979431,102.834663
庄子社区,庄子社区,24.780534,102.841632
庄子村口,庄子村口,24.781411,102.839479
小营村口,小营村口,24.781046,102.83075
大营村,大营村,24.784618,102.826576
贝丘街口(塔山路),贝丘街口(塔山路),24.78987,102.810087
天泽园小区,天泽园小区,24.998438,102.662747
逸园,逸园,24.84417,102.814007
翔盛园,翔盛园,24.850165,102.812357
牛头山地铁站,牛头山地铁站,24.853655,102.814575
韶光街西口,韶光街西口,24.852865,102.824158
回回营东,回回营东,24.862834,102.828937
朝云街口(彩云南路),朝云街口(彩云南路),24.878702,102.825117
小王家营(昆洛路),小王家营(昆洛路),24.913911,102.791328
麻莪村(昆洛路),麻莪村(昆洛路),24.922556,102.789431
云福路口(昆洛路),云福路口(昆洛路),24.930231,102.7892
杜家营(昆洛路),杜家营(昆洛路),24.933628,102.790612
商博街口(昆洛路),商博街口(昆洛路),24.937687,102.790799
跑马山岔路口(昆洛路),跑马山岔路口(昆洛路),24.942552,102.790864
商城大道路口(昆洛路),商城大道路口(昆洛路),24.947664,102.790833
广福路口(昆洛路),广福路口(昆洛路),24.952869,102.789146
君安路口(昆洛路),君安路口(昆洛路),24.958338,102.785873
子泰路口(昆洛路),子泰路口(昆洛路),24.96117,102.784019
广和路口(昆洛路),广和路口(昆洛路),24.965305,102.781494
大街村(昆洛路),大街村(昆洛路),24.973177,102.775024
阿依村(西冲段),阿依村(西冲段),25.040626,102.867934
阿依村南,阿依村南,25.039509,102.86882
西冲小学,西冲小学,25.037144,102.869499
大梨园路口(春漫大道),大梨园路口(春漫大道),24.918307,102.850174
向阳路口(林溪路),向阳路口(林溪路),24.951944,102.837626
云景路口(林溪路),云景路口(林溪路),24.955304,102.84066
拓翔路口(春漫大道),拓翔路口(春漫大道),24.952174,102.829761
信息产业基地(云景路),信息产业基地(云景路),24.947196,102.842791
江州路口(源起街),江州路口(源起街),25.130399,102.765707
天宇澜山小区(北京路),天宇澜山小区(北京路),25.122639,102.767283
瓦窑村北口,瓦窑村北口,25.119045,102.762398
瓦窑村南口,瓦窑村南口,25.116428,102.754967
荷风路口(教场西路),荷风路口(教场西路),25.067961,102.691917
民大生活区,民大生活区,25.067131,102.693504
教场中路口(教场西路),教场中路口(教场西路),25.065678,102.697121
环湖东路北口,环湖东路北口,24.966124,102.69378
同仁路南段,同仁路南段,24.972661,102.696471
昆明同仁医院(同仁路),昆明同仁医院(同仁路),24.977509,102.698086
百丽园小区,百丽园小区,25.048475,102.74894
翠湖北路,翠湖北路,25.049627,102.701302
科技馆,科技馆,25.046549,102.701784
自卫村,自卫村,25.099667,102.646309
海屯路口西三环,海屯路口西三环,25.087381,102.641998
联大街口,联大街口,24.866593,102.860968
林溪路西段,林溪路西段,24.924644,102.798754
秋锦路口(林溪路),秋锦路口(林溪路),24.940356,102.829271
经开新加坡产业园,经开新加坡产业园,24.910326,102.849214
鸿翔路51号,鸿翔路51号,24.905547,102.850981
景明北路口(鸿翔路),景明北路口(鸿翔路),24.90576,102.845525
景明北路口(祥和街),景明北路口(祥和街),24.893151,102.839245
惠通街口(祥和街),惠通街口(祥和街),24.891892,102.835104
春融东路口(祥和街),春融东路口(祥和街),24.890703,102.831324
洛龙村(和谐路),洛龙村(和谐路),24.888958,102.828498
江山路口(小梨园路),江山路口(小梨园路),24.920889,102.843994
小商品批发市场(金山路),小商品批发市场(金山路),24.916615,102.844136
高新大道路口(生物谷街),高新大道路口(生物谷街),24.775694,102.806489
高新大道临时站,高新大道临时站,24.803602,102.810017
大学城南地铁站C口,大学城南地铁站C口,24.823108,102.826988
凤庆路口(双羊街),凤庆路口(双羊街),25.026658,102.779857
宝泽路,宝泽路,24.959796,102.796515
龙辉路,龙辉路,24.961858,102.795078
玉缘路口(龙辉路),玉缘路口(龙辉路),24.963555,102.794666
羊甫头地铁站,羊甫头地铁站,24.977791,102.786745
小街(宏德街),小街(宏德街),24.993052,102.720901
望江路口(宏德街),望江路口(宏德街),24.993151,102.71875
宏德街口(望江路),宏德街口(望江路),24.991923,102.717938
前程路口(望江路),前程路口(望江路),24.988911,102.716774
希望路口(前程路),希望路口(前程路),24.987814,102.714211
前程路,前程路,24.987817,102.708754
昆机六村,昆机六村,25.154583,102.741085
昆机文化宫,昆机文化宫,25.154067,102.740825
昆机商场,昆机商场,25.152496,102.740803
昆机路口(龙泉路),昆机路口(龙泉路),25.14895,102.737526
宝泽路口(顺通大道),宝泽路口(顺通大道),24.959366,102.798346
高楼房村,高楼房村,24.954171,102.797782
下可乐村口,下可乐村口,24.876133,102.804039
下可乐村,下可乐村,24.86968,102.794914
东盟森林小区(呈荣大道),东盟森林小区(呈荣大道),24.908008,102.803346
小洛羊社区(物畅街),小洛羊社区(物畅街),24.912313,102.810799
大洛羊社区,大洛羊社区,24.91793,102.808668
万峰街东口,万峰街东口,24.836576,102.883433
市委党校(学苑路),市委党校(学苑路),24.835725,102.875035
三岔口村(驼峰街),三岔口村(驼峰街),24.866507,102.80954
南坝(望江路),南坝(望江路),25.009774,102.716897
望江路口(绿荫大道),望江路口(绿荫大道),25.007348,102.716463
前兴路口(前旺路),前兴路口(前旺路),24.993658,102.706779
前卫西路口(前旺路),前卫西路口(前旺路),24.994276,102.696526
海雅路口(海宏路),海雅路口(海宏路),24.984583,102.676571
黑林铺前街口,黑林铺前街口,25.065313,102.642188
西南林业大学一号门,西南林业大学一号门,25.05787,102.75269
一教楼,一教楼,25.059736,102.7584
春城路口(长润街),春城路口(长润街),25.017282,102.728249
长村路口(长润街),长村路口(长润街),25.017605,102.731056
长村(长润街),长村(长润街),25.019079,102.733849
民航路口(长润街),民航路口(长润街),25.020321,102.737144
彩云北路口(云秀路),彩云北路口(云秀路),24.963169,102.768539
广居路口,广居路口,24.964523,102.776393
子君路1号站,子君路1号站,24.959813,102.771619
子君路2号站,子君路2号站,24.956411,102.772014
子泰路口(子君路),子泰路口(子君路),24.954588,102.772231
铁公鸡物流城,铁公鸡物流城,24.962335,102.828598
向阳路口(宏锡路),向阳路口(宏锡路),24.959999,102.825829
向阳路中段,向阳路中段,24.956831,102.829407
翠羽路口(鱼翅路),翠羽路口(鱼翅路),25.043351,102.682192
翠薇巷口(云祥路),翠薇巷口(云祥路),25.04115,102.680586
碧鸡名城1号站,碧鸡名城1号站,25.036185,102.670621
碧鸡名城小区,碧鸡名城小区,25.035139,102.671727
白沙润园小区北,白沙润园小区北,25.063707,102.788663
青沙路口(景润路),青沙路口(景润路),25.064102,102.785369
白沙润园小区,白沙润园小区,25.062266,102.786493
紫沙路口(景润路),紫沙路口(景润路),25.057201,102.786888
金瓦路口(景润路),金瓦路口(景润路),25.054996,102.78737
金瓦路口(金瓦路),金瓦路口(金瓦路),25.053121,102.790386
水节箐新村下段,水节箐新村下段,25.11949,102.670906
水节箐新村中段,水节箐新村中段,25.116293,102.670586
王筇路东口,王筇路东口,25.085764,102.66983
小屯路口,小屯路口,25.086603,102.667152
沙河路口(王筇路),沙河路口(王筇路),25.089115,102.659058
萃源路口(景文西街),萃源路口(景文西街),25.094523,102.650477
金川路口(景文西街),金川路口(景文西街),25.093003,102.654119
金川路口(王筇路),金川路口(王筇路),25.089918,102.656202
沙河路口(大塘路),沙河路口(大塘路),25.083911,102.658303
溪畔丽景小区,溪畔丽景小区,25.07081,102.738578
金锡路,金锡路,25.071772,102.73632
金菊路口(金锡路),金菊路口(金锡路),25.073381,102.737122
金菊路中段,金菊路中段,25.075474,102.735283
北京路口(联盟路),北京路口(联盟路),25.059566,102.719475
长青路口(金江路),长青路口(金江路),25.071167,102.718124
金呈北泰花园小区,金呈北泰花园小区,25.073515,102.717804
滨江俊园,滨江俊园,25.062723,102.715042
小古城,小古城,24.919206,102.785564
小古城西口,小古城西口,24.917309,102.782122
子泰路口,子泰路口,24.959705,102.781517
君安路,君安路,24.953857,102.778801
福居路口(安和路),福居路口(安和路),24.951324,102.777031
广福路口(安和路),广福路口(安和路),24.948839,102.777565
探春苑,探春苑,24.9704,102.75885
如意公园,如意公园,24.967039,102.757301
宝象河(珥季路),宝象河(珥季路),24.956974,102.748734
樱花语小区(季宏路),樱花语小区(季宏路),24.956799,102.74482
后所村口,后所村口,24.955797,102.739998
后所农贸市场,后所农贸市场,24.953928,102.73651
后所,后所,24.952769,102.734102
民族大学芷苑餐厅,民族大学芷苑餐厅,24.84096,102.856827
医科大学学术交流中心,医科大学学术交流中心,24.846619,102.827873
医科大学西苑广场,医科大学西苑广场,24.844326,102.824989
中医药大学紫竹苑,中医药大学紫竹苑,24.840391,102.824783
中医药大学兰茂堂,中医药大学兰茂堂,24.839266,102.821701
中医药大学学生公寓,中医药大学学生公寓,24.836046,102.820663
中医药大学体育馆,中医药大学体育馆,24.834763,102.821083
景明南路口(学勤路),景明南路口(学勤路),24.836967,102.836037
云艺3号门,云艺3号门,24.832705,102.831146
青教公寓,青教公寓,24.830479,102.832458
云艺运动场,云艺运动场,24.832304,102.830353
舞蹈学院,舞蹈学院,24.831444,102.827927
1号学生食堂,1号学生食堂,24.831644,102.825775
云艺公共教学楼,云艺公共教学楼,24.831276,102.824234
明理楼停车场,明理楼停车场,24.853007,102.855196
建工楼,建工楼,24.855768,102.854065
后勤楼1号楼,后勤楼1号楼,24.857344,102.855721
怡园步行街,怡园步行街,24.855581,102.85762
红土会堂,红土会堂,24.853247,102.858292
公教楼,公教楼,24.850079,102.856781
恒园,恒园,24.848116,102.856804
憬园篮球场,憬园篮球场,24.84796,102.859581
恬园,恬园,24.844358,102.863235
昆明学院博文楼,昆明学院博文楼,24.97924,102.79792
六甲村西(福保路口),六甲村西(福保路口),24.964154,102.712552
海蓝路口(海宏路),海蓝路口(海宏路),24.98895,102.668568
海润路口(海宏路),海润路口(海宏路),24.98612,102.672422
泰龙阁小区,泰龙阁小区,25.078714,102.694124
颐惠园小区,颐惠园小区,25.116076,102.772691
新龙路口(龙溪路),新龙路口(龙溪路),25.118911,102.772895
新龙路中段,新龙路中段,25.121923,102.775764
芳林街中段,芳林街中段,25.124414,102.772522
农业大学蜂学楼,农业大学蜂学楼,25.129141,102.751282
农业大学校医院,农业大学校医院,25.129232,102.749985
综合楼,综合楼,25.12911,102.748421
广居路口(广和路),广居路口(广和路),24.961966,102.777713
羊肠村地铁站,羊肠村地铁站,25.101649,102.740846
半山七哩溪小区,半山七哩溪小区,25.113125,102.720998
船房村二社,船房村二社,25.017604,102.688793
船房村四社,船房村四社,25.016354,102.685642
船房村五社,船房村五社,25.019041,102.682977
船房村,船房村,25.017181,102.681572
昆明市地方海事局,昆明市地方海事局,25.013377,102.66605
博欣路口(渔翔路),博欣路口(渔翔路),24.809996,102.814562
渔博路口(元宝路),渔博路口(元宝路),24.812393,102.816044
渔博路口(长风路),渔博路口(长风路),24.815412,102.817344
望朔村(林溪路),望朔村(林溪路),24.929253,102.811317
林溪路口(云景路),林溪路口(云景路),24.952878,102.84145
经开区管委会(云湾路),经开区管委会(云湾路),24.94809,102.839327
长水机场航站楼,长水机场航站楼,25.095295,102.928294
长水航城木藤苑,长水航城木藤苑,25.076298,102.943225
长水航城水禾苑,长水航城水禾苑,25.081311,102.949939
长水航城苜蓿苑,长水航城苜蓿苑,25.082083,102.950799
长水航城凌霄苑,长水航城凌霄苑,25.086897,102.954822
环港东路口,环港东路口,25.071918,102.916061
王筇路西段,王筇路西段,25.091871,102.649909
王筇路,王筇路,25.090673,102.653685
科普路口,科普路口,25.087747,102.663043
七公里(昭宗路),七公里(昭宗路),25.042295,102.641266
马街南路口(马街中路),马街南路口(马街中路),25.03049,102.638481
西苑浦路口(马街中路),西苑浦路口(马街中路),25.029388,102.64072
益宁路口(西苑浦路),益宁路口(西苑浦路),25.030773,102.643338
西苑浦路西段,西苑浦路西段,25.032409,102.648116
张峰村南,张峰村南,25.033641,102.653281
张峰村东(昌源南路),张峰村东(昌源南路),25.036076,102.655182
秋苑二期,秋苑二期,25.037257,102.657201
清苑路,清苑路,25.036372,102.658438
梁源西区(清苑路),梁源西区(清苑路),25.034705,102.658294
西苑浦路,西苑浦路,25.033377,102.66135
梁源二期,梁源二期,25.034089,102.664718
洛龙村(祥和街),洛龙村(祥和街),24.890087,102.82967
泰安路口(新北路),泰安路口(新北路),24.893875,102.851997
付家营东,付家营东,24.943151,102.752533
云水路口,云水路口,25.077852,102.745069
云波村,云波村,25.079301,102.745625
盛唐城3号门,盛唐城3号门,25.080946,102.748433
龙华路口(昙华路),龙华路口(昙华路),25.056002,102.7481
昙华寺(昙华路),昙华寺(昙华路),25.045069,102.748222
东骧神骏小区二期,东骧神骏小区二期,25.032161,102.755742
万科公园里小区,万科公园里小区,24.927435,102.78635
商城大道路口(云福路),商城大道路口(云福路),24.928025,102.782205
众和佳苑,众和佳苑,24.900095,102.81194
众和东苑,众和东苑,24.90247,102.816788
众和康园南门,众和康园南门,24.903216,102.820638
万溪村公交首末站,万溪村公交首末站,24.816836,102.879744
万溪冲村南,万溪冲村南,24.820521,102.87197
博大路口(兴园路),博大路口(兴园路),24.825768,102.865603
学苑路口(兴园路),学苑路口(兴园路),24.829236,102.861984
兴园路口(云南白药街),兴园路口(云南白药街),24.831606,102.857374
仕林街(云岭路),仕林街(云岭路),24.844766,102.842591
沙沟段(临时站),沙沟段(临时站),25.051202,102.895833
临时站,临时站,25.048876,102.894549
大板桥工业园,大板桥工业园,25.048394,102.891432
朝阳路口(董家湾路),朝阳路口(董家湾路),25.034865,102.735443
董家湾路口(黎明路),董家湾路口(黎明路),25.032887,102.735657
曙光路口(黎明路),曙光路口(黎明路),25.032865,102.738885
曙光路,曙光路,25.033785,102.739774
曙光路口(朝阳路),曙光路口(朝阳路),25.03553,102.739922
二环东路,二环东路,25.031206,102.745148
金马立交桥南口,金马立交桥南口,25.031381,102.746111
春雨路口(宝花路),春雨路口(宝花路),25.039019,102.638464
马街上村,马街上村,25.039388,102.63701
马街中村口,马街中村口,25.03875,102.634687
马街中村,马街中村,25.038181,102.633082
白云村,白云村,24.750352,102.79582
白云村西,白云村西,24.750842,102.793264
白云村(高新大道),白云村(高新大道),24.753906,102.794818
白云村北(高新大道),白云村北(高新大道),24.755022,102.79875
林塘社区北门,林塘社区北门,24.759097,102.807335
太平村东,太平村东,25.035885,102.764519
上游水岸小区,上游水岸小区,25.07939,102.722336
跃龙桥,跃龙桥,25.080952,102.72406
万源路,万源路,25.076258,102.725357
二环北路口(水岸路),二环北路口(水岸路),25.076529,102.717484
银河星辰花园北门,银河星辰花园北门,25.11967,102.739332
银河北庭小区西门,银河北庭小区西门,25.118963,102.737348
银河北庭小区,银河北庭小区,25.116011,102.736306
大树营中营,大树营中营,25.039983,102.740356
403厂小区,403厂小区,25.023299,102.737478
世纪城乘车点,世纪城乘车点,24.971532,102.765859
雅春苑,雅春苑,24.968281,102.755551
傲春苑,傲春苑,24.966497,102.753186
吉祥路,吉祥路,24.96579,102.752713
傲春苑南门,傲春苑南门,24.965929,102.750234
华春苑,华春苑,24.965408,102.74921
叠春苑,叠春苑,24.963234,102.751862
岚春苑,岚春苑,24.965816,102.756215
玉春苑3号门,玉春苑3号门,24.968776,102.758294
玉春苑,玉春苑,24.969323,102.760647
望春苑,望春苑,24.970981,102.762843
元春苑,元春苑,24.973403,102.762609
迎宾路,迎宾路,24.974327,102.763542
万达商业广场,万达商业广场,24.871953,102.827839
吾悦广场,吾悦广场,24.886567,102.824692
众和康园,众和康园,24.903212,102.820616
春融街口(和谐路),春融街口(和谐路),24.884609,102.830043
俊福花城,俊福花城,24.933516,102.756293
俊福花城(天福苑),俊福花城(天福苑),24.931797,102.75865
蓝光天娇城,蓝光天娇城,24.819462,102.820664
华城花园,华城花园,24.936146,102.789449
塔密地铁站,塔密地铁站,24.937769,102.786853
商英街,商英街,24.939714,102.781033
商城大道路口(商启街),商城大道路口(商启街),24.937951,102.779115
滇池路口(海宏路),滇池路口(海宏路),24.991042,102.663147
朗悦湾小区(招呼站),朗悦湾小区(招呼站),25.116341,102.742977
江东境界花园(盘江西路)(招呼站),江东境界花园(盘江西路)(招呼站),25.115282,102.741949
昆明十中(求实校区)(招呼站),昆明十中(求实校区)(招呼站),25.111719,102.743911
司家营地铁站(求实街),司家营地铁站(求实街),25.110664,102.746515
芙蓉苑,芙蓉苑,25.10921,102.748668
茉莉苑(求实街),茉莉苑(求实街),25.107391,102.751445
紫薇苑(求实街),紫薇苑(求实街),25.106315,102.754996
霖雨路口(通源路),霖雨路口(通源路),25.091185,102.746341
通源路,通源路,25.092396,102.7475
通源路口,通源路口,25.094918,102.750113
林肯公园(丰江路),林肯公园(丰江路),25.094766,102.753993
严家山路口(谷丰路),严家山路口(谷丰路),25.095981,102.754366
谷丰路口(严家山路),谷丰路口(严家山路),25.097626,102.754805
雍锦世家(严家山路),雍锦世家(严家山路),25.098819,102.756068
雍锦世家,雍锦世家,25.099236,102.758911
丰江路口(司家营街),丰江路口(司家营街),25.099792,102.760794
东旭骏城小区,东旭骏城小区,25.027982,102.780026
文延路口(文博路),文延路口(文博路),25.038216,102.864414
阿依村口,阿依村口,25.039939,102.866454
金马立交桥(东风东路)(西行),金马立交桥(东风东路)(西行),25.03569,102.743641
潘家湾(人民西路)1,潘家湾(人民西路)1,25.04408,102.693043
三合营社区,三合营社区,25.03908,102.701515
弥勒寺,弥勒寺,25.034392,102.699605
西昌路(新闻路),西昌路(新闻路),25.036753,102.696107
新闻路(西行),新闻路(西行),25.035608,102.69375
新闻路(东行),新闻路(东行),25.035634,102.694349
五华区保健医院,五华区保健医院,25.040937,102.698359
东风西路口,东风西路口,25.040078,102.700742
第三城(龙辉路),第三城(龙辉路),24.966927,102.79365
羊仙坡南路口,羊仙坡南路口,25.07579,102.676308
高地村东,高地村东,24.967865,102.702789
双村东,双村东,24.969635,102.701823
金湖路口(逸华路),金湖路口(逸华路),24.972986,102.702934
金林碧水小区南门,金林碧水小区南门,25.09247,102.772231
春江路,春江路,25.093524,102.754557
穿金路口(金菊路),穿金路口(金菊路),25.071098,102.74305
金菊路东段,金菊路东段,25.07312,102.740593
金锡路口(金菊路),金锡路口(金菊路),25.074059,102.737999
严家山路口(司家营街),严家山路口(司家营街),25.102326,102.758433
司家营中段,司家营中段,25.104926,102.753082
金殿公园北门,金殿公园北门,25.088494,102.771589
城市山小区,城市山小区,25.037626,102.631558
西园路口(滇缅大道),西园路口(滇缅大道),25.056524,102.679184
昆建路口(虹山西路),昆建路口(虹山西路),25.057726,102.680367
昆建路,昆建路,25.057856,102.680969
省建工医院生活区,省建工医院生活区,25.0576,102.682687
